acc,org,hit_len,ident_local,ident_qfull,cov,evalue,bits
5IG9_A,Microcystis aeruginosa MRC,333,100.0,100.0,100.0,0.0,692.96
WP_002792265,Microcystis aeruginosa,324,100.0,97.3,97.3,0.0,671.003
WP_150975421,Microcystis aeruginosa,324,99.1,96.4,97.3,0.0,666.381
WP_272015294,Microcystis aeruginosa,324,99.4,96.7,97.3,0.0,666.381
WP_288032792,Microcystis sp. LE18-22.4A,324,99.1,96.4,97.3,0.0,666.381
WP_287107198,unclassified Microcystis (in: cyanobacteria),324,98.8,96.1,97.3,0.0,664.84
WP_430012987,Microcystis,324,99.1,96.4,97.3,0.0,664.84
WP_271925594,Microcystis aeruginosa,324,99.1,96.4,97.3,0.0,664.455
YEI30208,Microcystis aeruginosa C-1004,324,98.8,96.1,97.3,0.0,664.07
WP_193977155,Microcystis aeruginosa,324,98.8,96.1,97.3,0.0,664.07
WP_110578309,Microcystis aeruginosa,324,98.8,96.1,97.3,0.0,664.07
WP_002758980,Microcystis,324,98.5,95.8,97.3,0.0,664.07
WP_288116654,Microcystis sp. M53598_WE2,324,98.8,96.1,97.3,0.0,663.685
NCR20760,Microcystis aeruginosa L111-01,324,98.5,95.8,97.3,0.0,663.685
WP_147068893,Microcystis aeruginosa,324,98.8,96.1,97.3,0.0,663.685
WP_185239176,Microcystis aeruginosa,324,98.8,96.1,97.3,0.0,663.3
MHS8157830,Microcystis aeruginosa,324,98.5,95.8,97.3,0.0,663.3
GBF52747,Microcystis sp. 0824,343,98.5,95.8,97.3,0.0,663.3
MDJ0543153,Microcystis sp. M53601_WE4,324,98.5,95.8,97.3,0.0,662.914
MCZ8127597,Microcystis sp. LE19-114.1B,324,98.8,96.1,97.3,0.0,662.914
WP_002733569,Microcystis,324,98.5,95.8,97.3,0.0,662.914
WP_016517285,Microcystis aeruginosa,324,98.8,96.1,97.3,0.0,662.914
WP_125730166,Microcystis viridis,324,98.8,96.1,97.3,0.0,662.914
WP_069474628,Microcystis,324,98.5,95.8,97.3,0.0,662.529
WP_061430270,Microcystis,324,98.5,95.8,97.3,0.0,662.144
WP_159249523,Microcystis,324,98.5,95.8,97.3,0.0,662.144
WP_287170566,unclassified Microcystis (in: cyanobacteria),324,98.5,95.8,97.3,0.0,662.144
WP_012265553,Microcystis,324,98.5,95.8,97.3,0.0,661.759
WP_149988297,Microcystis,324,98.5,95.8,97.3,0.0,661.374
MHS8213813,Microcystis aeruginosa,324,98.1,95.5,97.3,0.0,661.374
TRU23698,Microcystis aeruginosa Ma_QC_B_20070730_S2,324,98.5,95.8,97.3,0.0,660.988
WP_288125351,Microcystis sp. LE19-131.1A,324,97.8,95.2,97.3,0.0,660.603
WP_193960279,Microcystis,324,98.1,95.5,97.3,0.0,660.603
WP_079207919,Microcystis aeruginosa,324,98.1,95.5,97.3,0.0,660.218
WP_272082651,Microcystis aeruginosa,324,98.1,95.5,97.3,0.0,660.218
WP_149977312,Microcystis aeruginosa,324,98.1,95.5,97.3,0.0,660.218
WP_002775792,Microcystis aeruginosa,324,97.8,95.2,97.3,0.0,660.218
WP_002801149,Microcystis,324,98.1,95.5,97.3,0.0,660.218
NCR77134,Microcystis aeruginosa K13-06,324,98.5,95.8,97.3,0.0,659.833
WP_409792963,Microcystis sp.,324,98.1,95.5,97.3,0.0,659.833
WP_288137519,Microcystis sp.,324,98.1,95.5,97.3,0.0,659.448
WP_471784252,Microcystis aeruginosa,324,97.8,95.2,97.3,0.0,659.448
WP_287657075,unclassified Microcystis (in: cyanobacteria),324,97.8,95.2,97.3,0.0,659.062
WP_409880221,Microcystis sp.,324,98.1,95.5,97.3,0.0,659.062
WP_419547864,Microcystis sp.,324,97.8,95.2,97.3,0.0,658.677
TRU35178,Microcystis aeruginosa Ma_MB_F_20061100_S20D,324,97.8,95.2,97.3,0.0,658.292
WP_409814953,Microcystis sp.,324,97.8,95.2,97.3,0.0,657.907
TRU44450,Microcystis aeruginosa Ma_QC_Ch_20071001_S25D,324,98.1,95.5,97.3,0.0,657.907
WP_287700569,unclassified Microcystis (in: cyanobacteria),324,97.5,94.9,97.3,0.0,657.522
WP_472408177,Microcystis aeruginosa,324,97.8,95.2,97.3,0.0,657.522
WP_004158185,Microcystis,324,97.5,94.9,97.3,0.0,657.136
WP_190722167,Microcystis,324,97.5,94.9,97.3,0.0,657.136
WP_409871806,Microcystis sp.,324,97.5,94.9,97.3,0.0,656.751
WP_272076819,Microcystis aeruginosa,324,97.5,94.9,97.3,0.0,656.366
NCQ99313,Microcystis aeruginosa L211-11,324,97.8,95.2,97.3,0.0,656.366
MCU7243029,Microcystis aeruginosa WS75,324,97.5,94.9,97.3,0.0,655.981
ARI80133,Microcystis aeruginosa PCC 7806SL,343,97.5,94.9,97.3,0.0,655.981
WP_130757350,Microcystis aeruginosa,324,97.8,95.2,97.3,0.0,655.981
NCS42259,Microcystis aeruginosa BS11-05,324,97.5,94.9,97.3,0.0,655.981
AKE65548,Microcystis aeruginosa NIES-2549,343,97.5,94.9,97.3,0.0,655.981
WP_287077885,unclassified Microcystis (in: cyanobacteria),324,97.2,94.6,97.3,0.0,655.596
WP_002740465,Microcystis aeruginosa,324,97.5,94.9,97.3,0.0,655.596
MFM7877346,Microcystis panniformis,324,97.2,94.6,97.3,0.0,655.21
WP_046662771,Microcystis aeruginosa,324,97.5,94.9,97.3,0.0,655.21
MHS8309192,Microcystis aeruginosa,324,97.2,94.6,97.3,0.0,655.21
WP_008201946,Microcystis,324,97.2,94.6,97.3,0.0,654.825
WP_288057709,unclassified Microcystis (in: cyanobacteria),324,97.5,94.9,97.3,0.0,654.44
WP_288026351,Microcystis sp. LE19-10.1B,324,97.2,94.6,97.3,0.0,654.44
NCR53829,Microcystis aeruginosa L211-07,324,97.2,94.6,97.3,0.0,654.44
WP_287686896,unclassified Microcystis (in: cyanobacteria),324,97.2,94.6,97.3,0.0,653.67
WP_271950592,Microcystis aeruginosa,324,97.2,94.6,97.3,0.0,653.67
WP_473110456,Microcystis aeruginosa,324,97.2,94.6,97.3,0.0,653.67
NCT43441,Microcystis aeruginosa G11-09,324,97.5,94.9,97.3,0.0,653.67
MFM7903747,Microcystis sp.,324,97.2,94.6,97.3,0.0,653.284
WP_287670501,unclassified Microcystis (in: cyanobacteria),324,97.2,94.6,97.3,0.0,653.284
WP_287971313,unclassified Microcystis (in: cyanobacteria),324,97.2,94.6,97.3,0.0,652.899
NCS57472,Microcystis aeruginosa G11-04,324,97.2,94.6,97.3,0.0,652.899
NCS39942,Microcystis aeruginosa BS13-10,324,96.9,94.3,97.3,0.0,652.514
NCR16471,Microcystis aeruginosa LL13-03,324,97.2,94.6,97.3,0.0,652.129
MCZ8191464,Microcystis sp. LE19-338.1B,324,97.2,94.6,97.3,0.0,652.129
MEY3553950,Cyanobacteriota bacterium,324,97.2,94.6,97.3,0.0,652.129
NCQ83226,Microcystis aeruginosa W13-18,324,96.9,94.3,97.3,0.0,651.744
NCS27826,Microcystis aeruginosa F13-15,324,96.6,94.0,97.3,0.0,651.744
NCR57309,Microcystis aeruginosa LL13-06,324,97.2,94.6,97.3,0.0,651.744
MFM6372459,Microcystis panniformis,324,96.9,94.3,97.3,0.0,651.744
MBE5228621,Microcystis aeruginosa PMC 728.11,324,96.6,94.0,97.3,0.0,651.744
MFN9734330,Microcystis sp.,324,96.9,94.3,97.3,0.0,651.358
MFM6058030,Microcystis aeruginosa,324,96.6,94.0,97.3,0.0,651.358
WP_002789136,Microcystis aeruginosa,324,96.9,94.3,97.3,0.0,651.358
WP_374809216,Microcystis sp. BLCC-F209,324,96.6,94.0,97.3,0.0,651.358
WP_194032419,Microcystis sp. LEGE 00066,324,96.9,94.3,97.3,0.0,651.358
MFM6320910,Microcystis panniformis,324,96.6,94.0,97.3,0.0,650.973
WP_288141459,Microcystis sp. LE19-84.1B,324,96.3,93.7,97.3,0.0,650.973
WP_287629793,unclassified Microcystis (in: cyanobacteria),324,96.3,93.7,97.3,0.0,650.588
WP_193957891,Microcystis aeruginosa,324,96.9,94.3,97.3,0.0,650.588
TRU70660,Microcystis viridis Mv_BB_P_19951000_S69,324,97.2,94.6,97.3,0.0,650.588
MCA2554826,Microcystis sp. M04BS1,324,96.6,94.0,97.3,0.0,650.203
MHS1747625,Microcystis aeruginosa,319,98.1,94.0,95.8,0.0,650.203
WP_052277125,Microcystis,324,96.6,94.0,97.3,0.0,650.203
TRU23567,Microcystis aeruginosa Ma_MB_S_20031200_S102D,324,96.9,94.3,97.3,0.0,650.203
MFM8307168,Microcystis aeruginosa,324,96.6,94.0,97.3,0.0,649.432
WP_271974572,Microcystis aeruginosa,324,96.9,94.3,97.3,0.0,649.047
MFM7276947,Microcystis aeruginosa,324,96.6,94.0,97.3,0.0,648.662
WP_002796711,Microcystis aeruginosa,324,96.3,93.7,97.3,0.0,648.277
WP_271989008,Microcystis aeruginosa,324,96.3,93.7,97.3,0.0,648.277
WP_271956498,Microcystis aeruginosa,324,96.3,93.7,97.3,0.0,647.506
REJ52588,Microcystis aeruginosa DA14,317,98.1,93.4,95.2,0.0,647.506
TRV54454,Microcystis panniformis Mp_GB_SS_20050300_S99,325,96.6,93.7,97.0,0.0,645.966
MEB3121224,Snowella sp.,324,95.7,93.1,97.3,0.0,645.966
WP_375328977,Microcystis sp. BLCC-F210,324,96.3,93.7,97.3,0.0,645.58
TRU87449,Microcystis novacekii Mn_MB_F_20050700_S1,324,95.7,93.1,97.3,0.0,645.195
TRV58600,Microcystis panniformis Mp_MB_F_20051200_S9,327,97.2,93.7,96.4,0.0,645.195
MFM7351968,Microcystis aeruginosa,322,96.0,92.8,96.7,0.0,641.728
MDJ0561071,Microcystis sp. M53599_WE4,312,98.1,91.9,93.7,0.0,637.106
UXE58908,Woronichinia naegeliana WA131,324,88.3,85.9,97.3,0.0,598.971
MEB3189626,Snowella sp.,324,87.0,84.7,97.3,0.0,593.964
MFM7883934,Microcystis panniformis,274,98.2,80.8,82.3,0.0,560.451
MFM6408697,Microcystis sp.,276,96.7,80.2,82.9,0.0,552.747
MFZ4443024,Planktothrix agardhii,330,80.1,77.5,96.7,0.0,551.206
WP_424052444,Planktothrix agardhii,330,80.4,77.8,96.7,0.0,551.206
WP_227351157,Planktothrix agardhii,330,80.1,77.5,96.7,0.0,550.821
WP_235751941,Planktothrix agardhii,330,80.1,77.5,96.7,0.0,550.051
WP_254172050,Planktothrix agardhii,330,80.1,77.5,96.7,0.0,550.051
WP_227364879,Planktothrix agardhii,330,80.1,77.5,96.7,0.0,550.051
WP_395649356,Planktothrix agardhii,330,80.1,77.5,96.7,0.0,549.666
WP_227398039,Planktothrix agardhii,330,80.1,77.5,96.7,0.0,549.28
WP_235753026,Planktothrix agardhii,330,79.8,77.2,96.7,0.0,548.51
WP_227381235,Planktothrix agardhii,330,79.8,77.2,96.7,0.0,548.125
WP_235753535,Planktothrix agardhii,330,79.5,76.9,96.7,0.0,546.969
WP_026795605,Planktothrix,330,79.8,77.2,96.7,0.0,546.584
WP_042156020,Planktothrix agardhii,330,79.2,76.6,96.7,0.0,545.814
KEI68585,Planktothrix agardhii NIVA-CYA 126/8,334,79.2,76.6,96.7,0.0,545.428
WP_026785813,Planktothrix,330,79.2,76.6,96.7,0.0,545.043
WP_227358137,Planktothrix agardhii,330,79.2,76.6,96.7,0.0,544.658
WRH66169,Planktothrix sp. GU0601_MAG3,330,78.3,75.7,96.7,0.0,536.184
WP_079679334,Planktothrix sp. PCC 11201,330,78.0,75.4,96.7,0.0,535.413
MFM6899245,Microcystis panniformis,267,96.6,77.5,80.2,0.0,533.487
WP_484693002,Planktothrix sp. PLAVEN19ND,330,77.6,75.1,96.7,0.0,533.487
HAN73362,Planktothrix sp. UBA8402,316,78.8,74.8,94.9,0.0,533.102
MEY3868823,Cyanobacteriota bacterium,326,76.2,74.2,97.3,0.0,533.102
NES99760,Sphaerospermopsis sp. SIO1G1,325,75.2,72.7,96.7,0.0,516.538
WP_335188264,Nostoc sp.,325,73.1,71.2,97.3,0.0,516.538
WP_334843205,Nostoc sp.,325,73.5,71.5,97.3,0.0,516.153
WP_292748982,Nostoc sp. NMS4,325,73.1,71.2,97.3,0.0,516.153
WP_334895435,Nostoc sp.,324,73.1,71.2,97.3,0.0,515.768
RCJ24327,Nostoc minutum NIES-26,325,72.8,70.9,97.3,0.0,514.998
WP_335177732,Nostoc sp.,324,73.1,71.2,97.3,0.0,514.998
WP_193945307,Nostoc sp. LEGE 12450,325,72.2,70.3,97.3,1.24711e-180,513.842
WP_335055754,Nostoc sp.,325,71.8,70.3,97.9,1.56971e-180,513.457
WP_322718327,Nostoc sp. ChiQUE02,325,72.5,70.6,97.3,1.71349e-180,513.457
WP_155748416,Scytonema sp. UIC 10036,332,73.7,71.5,97.0,1.81417e-180,513.457
MBW4596062,Brasilonema angustatum HA4187-MV1,326,72.5,70.6,97.3,2.94119e-180,512.686
WP_480262501,Nostoc sp. LEGE 12454,325,72.5,70.6,97.3,3.34276e-180,512.686
BAZ54036,Nostoc sp. NIES-4103,325,72.4,70.3,97.0,4.74627e-180,512.301
WP_335158752,Nostoc sp.,325,72.2,70.3,97.3,6.03979e-180,511.916
WP_229555182,Nostoc sp. XA010,325,73.3,70.9,96.7,6.45012e-180,511.916
WP_335101646,Nostoc sp.,326,71.9,70.0,97.3,7.62852e-180,511.531
MBW4676489,Desmonostoc geniculatum HA4340-LM1,325,72.8,70.9,97.3,8.03012e-180,511.531
WP_334717538,Nostoc sp.,325,72.5,70.6,97.3,8.29841e-180,511.531
MDF5714872,Rhizonema sp. NSF051,326,73.1,71.2,97.3,9.60176e-180,511.531
WP_334694382,Nostoc sp.,325,72.7,70.3,96.7,1.07939e-179,511.146
WP_104906708,Nostoc sp. 'Lobaria pulmonaria (5183) cyanobiont',325,72.8,70.9,97.3,1.23104e-179,511.146
WP_334927929,Nostoc sp.,325,71.9,70.0,97.3,1.56653e-179,510.76
WP_292846429,Nostoc sp. NMS8,325,72.2,70.3,97.3,1.82619e-179,510.76
WP_190474819,Anabaena azotica,325,71.8,70.3,97.9,1.84631e-179,510.76
WP_335041003,Nostoc sp.,325,72.5,70.6,97.3,2.03762e-179,510.76
WP_461917296,Nostoc sp.,325,72.7,70.3,96.7,2.32388e-179,510.375
WP_334777486,Nostoc sp.,325,71.2,69.7,97.9,3.22806e-179,509.99
WP_334887968,Nostoc sp.,325,72.5,70.6,97.3,3.52373e-179,509.99
WP_017742665,Scytonema hofmannii,330,73.2,70.6,96.4,4.13345e-179,509.99
WP_292780506,unclassified Nostoc,325,72.2,70.3,97.3,4.15304e-179,509.99
WP_334726762,Nostoc sp.,326,71.9,70.0,97.3,4.2133e-179,509.99
WP_335233002,Nostoc sp.,325,71.9,70.0,97.3,4.24504e-179,509.605
WP_335047569,Nostoc sp.,326,71.9,70.0,97.3,4.59921e-179,509.605
MBP5976193,Brasilonema sp. CT11,326,72.2,70.3,97.3,5.02046e-179,509.605
WP_292736183,Nostoc sp. JL31,325,72.4,70.0,96.7,5.22727e-179,509.605
WP_190702528,unclassified Nostoc,326,71.6,69.7,97.3,5.42058e-179,509.605
WP_163927631,unclassified Nostoc,325,72.2,70.3,97.3,5.5824e-179,509.605
WP_334991773,Nostoc sp.,326,71.6,69.7,97.3,6.25019e-179,509.22
WP_335009541,Nostoc sp.,326,71.6,69.7,97.3,8.97201e-179,508.834
ACC80791,Nostoc punctiforme PCC 73102,328,72.5,70.6,97.3,9.54239e-179,508.834
WP_353929460,Okeanomitos corallinicola,326,73.3,70.9,96.7,9.68706e-179,508.834
WP_323232806,Nostoc sp. UHCC 0252,325,72.2,70.3,97.3,1.21508e-178,508.449
WP_335001645,Nostoc sp.,325,71.9,70.0,97.3,1.21508e-178,508.449
WP_041565327,Nostoc punctiforme,325,72.5,70.6,97.3,1.29763e-178,508.449
WP_292720478,unclassified Nostoc,326,71.6,69.7,97.3,1.75022e-178,508.449
WP_198124532,Amazonocrinis nigriterrae,325,71.2,69.1,97.0,2.01117e-178,508.064
WP_229546037,Nostoc sp. CHAB 5836,325,71.9,70.0,97.3,2.10125e-178,508.064
WP_292769912,Nostoc sp. NOS(2021),326,71.6,69.7,97.3,2.17892e-178,508.064
MCP6760186,Fischerella sp. CENA71,325,71.6,69.7,97.3,2.61594e-178,507.679
WP_424094407,Moorena producens,326,69.9,68.5,97.9,2.71263e-178,507.679
WP_334821752,Nostoc sp.,325,71.9,70.0,97.3,2.76322e-178,507.679
WP_482750483,Anabaena sp. TISTR 8404,325,72.8,70.9,97.3,3.0163e-178,507.679
WP_334850177,Nostoc sp.,326,71.6,69.7,97.3,3.30387e-178,507.679
WP_193949839,Nostoc sp. LEGE 12450,325,71.6,69.7,97.3,3.32883e-178,507.679
WP_185581683,unclassified Nostoc,325,71.3,69.4,97.3,4.28264e-178,507.294
WP_323198825,Nostoc sp. UHCC 0251,325,71.9,70.0,97.3,4.67489e-178,507.294
WP_322734670,Nostoc sp. DedQUE12b,325,71.3,69.4,97.3,6.28377e-178,506.908
WP_420761291,Nostoc sp. CALU 546,325,71.9,70.0,97.3,6.49371e-178,506.908
WP_334772589,Nostoc sp.,325,71.9,70.0,97.3,6.93485e-178,506.908
WP_069074220,Nostoc sp. KVJ20,325,71.9,70.0,97.3,7.08845e-178,506.523
WP_073634825,Scytonema sp. HK-05,324,72.0,69.7,96.7,7.22067e-178,506.523
WP_169262875,Brasilonema,326,71.3,69.4,97.3,8.38295e-178,506.523
NEO97833,Symploca sp. SIO2E9,326,70.5,68.2,96.7,9.87998e-178,506.523
WP_334802371,Nostoc sp.,326,71.3,69.4,97.3,1.02101e-177,506.523
WP_334950107,Nostoc sp.,325,71.6,69.7,97.3,1.0631e-177,506.138
WP_293096439,Moorena sp. SIOASIH,326,70.6,69.1,97.9,1.12679e-177,506.138
WP_323233087,Nostoc sp. UHCC 0252,325,71.6,69.7,97.3,1.13532e-177,506.138
WP_273770771,Nostoc sp. UHCC 0926,325,71.6,69.7,97.3,1.16047e-177,506.138
WP_334880396,Nostoc sp.,325,71.9,70.0,97.3,1.16047e-177,506.138
WP_002771814,Microcystis aeruginosa,325,72.4,70.3,97.0,1.29481e-177,506.138
WP_334785366,Nostoc sp.,326,71.6,69.7,97.3,1.32801e-177,506.138
WP_094347208,Nostoc sp. 'Peltigera membranacea cyanobiont' 210A,325,71.6,69.7,97.3,1.3528e-177,506.138
WP_292811056,unclassified Nostoc,325,71.4,69.1,96.7,1.398e-177,506.138
WP_194006129,aff. Roholtiella sp. LEGE 12411,326,70.8,68.5,96.7,1.43385e-177,506.138
WP_099099191,Nostoc sp. 'Peltigera malacea cyanobiont' DB3992,325,71.6,69.7,97.3,1.46062e-177,505.753
HEY9802771,Leptolyngbyaceae cyanobacterium,325,70.9,69.4,97.9,1.49297e-177,505.753
WP_334722925,Nostoc sp.,325,71.6,69.7,97.3,1.7027e-177,505.753
MBW4428102,Nostoc desertorum CM1-VF14,325,71.6,69.7,97.3,1.85865e-177,505.753
WP_179064391,Nostoc sp. C052,325,71.3,69.4,97.3,1.96329e-177,505.753
QSJ20219,Nostoc sp. UHCC 0702,325,71.5,69.4,97.0,2.11975e-177,505.368
WP_013324781,Gloeothece verrucosa,326,71.2,69.1,97.0,2.2965e-177,505.368
WP_323232511,Nostoc sp. UHCC 0252,325,72.4,70.0,96.7,2.33938e-177,505.368
MCC5655262,Nostoc sp. XA013,325,71.6,69.7,97.3,2.6102e-177,505.368
MBU7585867,Nostoc sp. TH1S01,325,71.7,69.4,96.7,2.75714e-177,505.368
NEO93391,Moorena sp. SIO3G5,326,69.9,68.5,97.9,2.85897e-177,505.368
NEQ88734,Moorena sp. SIO2I5,327,70.2,68.8,97.9,3.09732e-177,504.982
BAY37593,Nostoc sp. NIES-2111,325,71.0,69.1,97.3,3.28531e-177,504.982
WP_334701608,Nostoc sp.,325,72.0,69.7,96.7,3.39506e-177,504.982
MBE8967341,Nostocales cyanobacterium LEGE 12452,325,71.6,69.7,97.3,3.43245e-177,504.982
WP_251957373,Nostoc commune,324,71.9,70.0,97.3,4.59802e-177,504.597
MEH2068931,Nostoc sp.,329,71.9,70.0,97.3,4.62571e-177,504.982
WP_292701049,unclassified Nostoc,325,71.3,69.4,97.3,5.61928e-177,504.597
WP_322648172,Nostoc sp. ChiVER01,325,71.6,69.7,97.3,6.76945e-177,504.212
WP_335159715,Nostoc sp.,325,71.3,69.4,97.3,8.99995e-177,503.827
WP_193920526,Desmonostoc muscorum,325,71.7,69.4,96.7,9.50662e-177,503.827
WP_333132971,unclassified Microcoleus,325,71.3,69.4,97.3,1.15786e-176,503.442
WP_335040929,Nostoc sp.,325,71.6,69.7,97.3,1.1835e-176,503.442
MBX9254026,Desmonostoc muscorum CCALA 125,325,71.7,69.4,96.7,1.30612e-176,503.442
TAE58241,Nostocales cyanobacterium,326,71.4,69.1,96.7,1.64951e-176,503.442
WP_461897556,Nostoc sp.,326,70.7,68.8,97.3,1.66768e-176,503.442
WP_292804297,Nostoc sp. NMS7,325,71.3,69.4,97.3,2.00222e-176,503.056
RCJ32138,Nostoc punctiforme NIES-2108,325,71.7,69.4,96.7,2.02428e-176,503.056
WP_464102982,Annamia dubia,335,76.1,74.8,98.2,2.1869e-176,503.442
WP_067770613,Nostoc sp. NIES-3756,325,71.0,69.1,97.3,2.49262e-176,502.671
MFN6565579,Nostoc sp. ChiSLP01,325,71.2,69.7,97.9,2.7209e-176,502.671
WP_293120314,Moorena sp. SIO4G3,326,69.3,67.9,97.9,3.1479e-176,502.671
TBR56832,Westiellopsis prolifica IICB1,328,72.0,69.7,96.7,4.64983e-176,502.286
WP_322663227,Dendronalium sp. ChiSLP03b,325,70.7,68.8,97.3,5.08003e-176,501.901
MBD2514381,Nostoc sp. FACHB-973,325,71.4,69.1,96.7,5.42511e-176,501.901
WP_293044652,Moorena sp. SIO1F2,327,69.6,68.2,97.9,5.96196e-176,501.901
WP_190692415,Nostoc sp. FACHB-110,324,71.8,69.7,97.0,7.59295e-176,501.516
WP_096604099,Calothrix sp. NIES-2100,325,70.6,69.1,97.9,1.11782e-175,501.13
WP_335141257,Nostoc sp.,326,70.4,68.5,97.3,1.27913e-175,501.13
MBW4612641,Desmonostoc vinosum HA7617-LM4,324,71.2,69.1,97.0,1.32746e-175,500.745
WP_333367292,Microcoleus sp. N3A4,325,71.3,69.4,97.3,1.45392e-175,500.745
WP_334961702,Nostoc sp.,326,70.7,68.8,97.3,1.45881e-175,500.745
MHN9118882,Neowestiellopsis sp. NC-DW,328,72.0,69.7,96.7,1.60311e-175,500.745
WP_335077354,Nostoc sp.,325,70.7,68.8,97.3,2.20447e-175,500.36
WP_070394962,Moorena producens,326,69.6,68.2,97.9,2.41445e-175,500.36
WP_193897423,Nostoc sp. LEGE 06077,324,72.0,69.7,96.7,2.42469e-175,500.36
WP_138502499,Nostoc sp. PA-18-2419,325,70.6,69.1,97.9,2.7746e-175,499.975
MFM8297754,Microcystis aeruginosa,325,71.5,69.4,97.0,3.81199e-175,499.975
WP_375494844,uncultured Nostoc sp.,326,70.1,68.2,97.3,4.97474e-175,499.59
WP_407888953,Scytonema sp. NUACC26,326,71.8,69.7,97.0,6.83468e-175,499.204
WP_214436680,Dendronalium phyllosphericum,325,71.6,69.7,97.3,7.60037e-175,499.204
WP_008181878,Moorena,326,69.6,68.2,97.9,7.62582e-175,499.204
WP_335169857,Nostoc sp.,326,70.1,68.2,97.3,8.50853e-175,498.819
NEO48927,Moorena sp. SIO4A3,327,69.0,67.6,97.9,1.22539e-174,498.434
MFN6515783,Nostoc sp. CreGUA01,325,70.2,68.8,97.9,1.25791e-174,498.434
WP_335128962,Nostoc sp.,326,70.7,68.8,97.3,1.26211e-174,498.434
WP_322728706,Nostoc sp. ChiQUE01b,323,71.7,69.4,96.7,1.33439e-174,498.434
WP_334731706,Nostoc sp.,326,69.8,67.9,97.3,1.75308e-174,498.049
WP_375511241,uncultured Nostoc sp.,334,71.0,69.1,97.3,1.92215e-174,498.434
WP_413268524,Floridanema aerugineum,330,70.8,68.5,96.7,2.26047e-174,498.049
WP_335059077,Nostoc sp.,326,70.1,68.2,97.3,2.28015e-174,498.049
WP_287294657,Moorena sp. SIO2C4,327,69.3,67.9,97.9,2.87935e-174,497.664
WP_062289145,Nostoc piscinale,324,71.7,69.4,96.7,3.25119e-174,497.278
WP_334966895,Nostoc sp.,325,70.9,69.4,97.9,3.26204e-174,497.278
MCL2934392,Trichodesmium sp. MAG_R03,325,70.3,68.2,97.0,3.56077e-174,497.278
MHM5870038,Phormidium sp. CACIAM07,324,70.6,68.5,97.0,4.04742e-174,497.278
RAM51840,Hapalosiphonaceae cyanobacterium JJU2,328,70.9,68.8,97.0,4.5264e-174,497.278
WP_011318432,Nostocaceae,325,71.1,68.8,96.7,4.89203e-174,496.893
WP_334709207,Nostoc sp.,326,69.8,67.9,97.3,5.72169e-174,496.893
MCC5645805,Nostoc sp. CHAB 5824,326,70.4,68.5,97.3,6.11033e-174,496.893
WP_334793941,Nostoc sp.,325,70.4,68.5,97.3,7.49895e-174,496.508
WP_334908272,Nostoc sp.,325,69.6,68.2,97.9,1.00793e-173,496.123
MBU7585504,Nostoc sp. TH1S01,338,70.8,68.5,96.7,1.17329e-173,496.508
NET58241,Symploca sp. SIO2E6,325,70.7,68.8,97.3,1.1879e-173,496.123
NEP52682,Moorena sp. SIO3C2,326,68.7,67.3,97.9,1.31531e-173,496.123
MGA9379052,Phormidium sp.,326,72.2,70.3,97.0,1.37421e-173,495.738
MCC5634815,Nostoc sp. CHAB 5844,325,69.8,67.9,97.3,1.40001e-173,495.738
WP_323293917,Crocosphaera sp. XPORK-15E,326,69.7,67.6,97.0,1.88797e-173,495.352
WP_335206771,Nostoc sp.,325,70.4,68.5,97.3,2.31705e-173,495.352
WP_190981764,Nostoc sp. FACHB-280,324,71.1,68.8,96.7,2.33482e-173,495.352
WP_287251846,Moorena sp. SIO4E2,327,69.0,67.6,97.9,2.60234e-173,495.352
MIA2635817,Waterburya sp.,326,70.6,68.5,97.0,2.73979e-173,494.967
MCL6750001,Nostoc sp. CCCryo 231-06,325,70.7,68.8,97.3,3.04684e-173,494.967
MBW4431361,Pelatocladus maniniholoensis HA4357-MV3,325,71.2,69.1,97.0,3.14861e-173,494.967
WP_335190712,Nostoc sp.,325,70.7,68.8,97.3,3.43694e-173,494.967
WP_089130961,Tolypothrix sp. NIES-4075,338,71.1,68.8,96.7,4.31871e-173,494.967
WP_322675683,unclassified Nostoc,325,70.4,68.5,97.3,7.15912e-173,494.197
WP_335205514,Nostoc sp.,325,69.9,68.5,97.9,7.98776e-173,493.812
WP_408964695,Planktothrix sp.,325,71.8,69.7,97.0,8.71921e-173,493.812
WP_190569647,Nostoc parmelioides,325,69.3,67.9,97.9,1.52425e-172,493.041
MHT4774601,Lyngbya tropicalis BLCC-M182,329,69.6,67.3,96.7,3.39767e-172,492.656
XWK88460,Phormidium sp.,326,70.0,67.9,97.0,3.83722e-172,492.271
WP_408969627,Planktothrix sp.,325,71.5,69.4,97.0,5.02928e-172,491.886
WP_239730352,Nodularia sphaerocarpa,326,70.1,68.2,97.3,6.42042e-172,491.5
WP_427161143,Aliinostoc sp. HNIBRCY26,326,70.6,68.5,97.0,1.57607e-171,490.73
WP_271922389,Cyanophyceae,326,70.0,67.9,97.0,1.87791e-171,490.345
WYL93605,Gloeotrichia echinulata IR180,342,70.9,68.8,97.0,2.11001e-171,491.115
WP_413262076,Floridanema flaviceps,324,69.6,67.3,96.7,2.82869e-171,489.96
WP_167721282,Tolypothrix sp. PCC 7910,325,70.8,68.5,96.7,3.85633e-171,489.574
WP_063874464,Nodularia spumigena,326,70.0,67.9,97.0,3.86885e-171,489.574
MCG6135470,Cyanocohniella sp. LLY,325,71.6,69.7,97.3,4.07338e-171,489.574
MDZ8183982,Nostoc sp. ChiSLP02,325,69.3,67.0,96.7,4.11823e-171,489.574
WP_224090538,Nostoc sp. MS1,325,68.2,66.4,97.3,4.16358e-171,489.574
MCM0588737,Gloeotrichia echinulata DEX184,342,70.6,68.5,97.0,4.25227e-171,490.345
WP_413201149,Nostoc piscinale,324,69.6,67.3,96.7,5.05438e-171,489.189
WP_066379781,unclassified Anabaena,341,69.1,67.3,97.3,5.21945e-171,489.96
WP_334892168,Nostoc sp.,325,69.4,67.6,97.3,5.72001e-171,489.189
WP_190382969,Aphanizomenon flos-aquae,326,71.1,68.8,96.7,5.80175e-171,489.189
WP_027403952,Aphanizomenonaceae,333,67.9,67.9,100.0,7.14737e-171,489.189
WP_103139154,Nostoc sp. CENA543,326,70.2,67.9,96.7,7.38233e-171,488.804
WP_190590142,Nostocales,324,69.9,67.6,96.7,7.91904e-171,488.804
WP_236142394,Nostoc sp. CMAA1605,326,70.3,68.2,97.0,8.89297e-171,488.804
WP_414754491,Anabaena sp. CCY 9910,325,69.9,67.6,96.7,9.16033e-171,488.804
WP_335064209,Nostoc sp.,325,69.4,67.6,97.3,1.56661e-170,488.034
WP_193982478,[Phormidium,324,70.1,68.2,97.0,1.84034e-170,488.034
WP_006196351,Nodularia spumigena,326,70.3,68.2,97.0,2.06663e-170,488.034
MFK0732536,Gloeotrichia echinulata HAB0833,342,70.6,68.5,97.0,2.56132e-170,488.419
WP_334713604,Nostoc sp.,324,69.8,67.9,97.3,2.67058e-170,487.649
MDD1415503,Dolichospermum sp. ST_con,326,70.0,67.9,97.0,2.83913e-170,487.649
WP_335087764,Nostoc sp.,325,69.8,67.9,97.3,3.02221e-170,487.263
MGK7904285,Hormoscilla sp.,326,68.9,66.7,96.7,3.16771e-170,487.263
WP_094344504,Nostoc sp. 'Peltigera membranacea cyanobiont' 232,325,69.4,67.6,97.3,3.72125e-170,487.263
WP_335014548,Nostoc sp.,325,69.1,67.3,97.3,4.01773e-170,487.263
MFN7459691,Akkermansiaceae bacterium,326,70.3,68.2,97.0,5.0176e-170,486.878
QSV52850,Dolichospermum sp. UKL201,326,70.0,67.9,97.0,7.36128e-170,486.493
WP_334942015,Nostoc sp.,325,68.8,67.0,97.3,8.93649e-170,486.108
WP_190538812,Calothrix,325,69.6,67.3,96.7,1.10035e-169,486.108
WP_413281562,Floridanema evergladense,325,69.4,67.6,97.3,3.08023e-169,484.952
WP_220609910,Sphaerospermopsis torques-reginae,330,69.0,67.0,97.0,2.27099e-168,483.026
MDJ0528621,Microcystis sp. M53600_WE12,236,98.3,69.7,70.9,2.90299e-168,478.789
NEQ18288,Moorena sp. SIO3E2,317,69.0,65.5,94.9,6.73157e-168,481.1
HIR6664819,Planktothrix agardhii,292,78.5,67.0,85.3,7.46288e-168,479.945
WP_094328484,unclassified Nostoc,325,68.2,66.4,97.3,9.38347e-168,481.1
AGH69798,Nostoc sp. 'Peltigera membranacea cyanobiont',325,68.2,66.4,97.3,9.8036e-168,481.1
MGB3639978,Rivularia sp. (in: cyanobacteria),326,70.8,68.5,96.7,1.47471e-167,480.715
WP_096571773,Sphaerospermopsis kisseleviana,330,69.0,67.0,97.0,1.81854e-167,480.715
WP_194056050,Sphaerospermopsis sp. LEGE 08334,326,69.3,67.3,97.0,2.00382e-167,480.33
WP_104899087,Nostoc sp. 'Peltigera membranacea cyanobiont' N6,325,67.9,66.1,97.3,2.56963e-167,479.945
MFM6138614,Sphaerospermopsis kisseleviana,330,68.7,66.7,97.0,7.22559e-167,479.174
WP_137666027,Sphaerospermopsis reniformis,330,69.0,67.0,97.0,7.54907e-167,479.174
NEQ68329,Symploca sp. SIO2D2,325,68.2,66.4,97.3,7.93744e-167,478.789
MFM6007259,Sphaerospermopsis kisseleviana,330,68.7,66.7,97.0,8.51529e-167,478.789
NER92929,Symploca sp. SIO1B1,325,68.2,66.4,97.3,1.56499e-166,478.019
WP_446394966,Coleofasciculus sp. E1-EBD-02,326,67.9,66.1,97.3,1.60463e-166,478.019
MEB3150024,Sphaerospermopsis sp.,330,68.4,66.4,97.0,2.65903e-166,477.633
WP_190346679,unclassified Sphaerospermopsis,330,68.7,66.7,97.0,3.61295e-166,477.248
MGB6297569,Rivularia sp. (in: cyanobacteria),326,70.5,68.2,96.7,5.2929e-166,476.863
MBP0019936,Cyanobacteria bacterium SBLK,326,67.5,65.5,97.0,8.29192e-166,476.093
WP_096669573,Dolichospermum compactum,330,68.1,66.1,97.0,8.86676e-166,476.093
WP_190690753,Nostoc sp. FACHB-110,325,68.2,66.4,97.3,1.07507e-165,475.707
NES19300,Caldora sp. SIO3E6,325,67.9,66.1,97.3,1.26696e-165,475.707
MFM7442081,Snowella sp.,222,95.9,64.0,66.7,7.6147e-155,444.506
WP_322691150,Nostoc sp. DedSLP04,324,65.0,63.7,97.9,5.22571e-153,443.736
HBK23029,Planktothrix sp. UBA10369,259,79.5,61.9,77.8,7.76702e-153,440.654
WP_322668954,Nostoc sp. DedQUE09,324,65.0,63.7,97.9,8.18451e-153,443.351
RCJ37587,Nostoc punctiforme NIES-2108,324,64.7,63.4,97.9,1.70372e-152,442.58
WP_461917664,Nostoc sp.,324,65.2,63.7,97.6,1.74142e-152,442.195
WP_292816213,unclassified Nostoc,324,65.2,63.7,97.6,2.12053e-152,442.195
WP_334842990,Nostoc sp.,324,64.6,63.1,97.6,2.78772e-152,441.81
MBR8833203,Stigonema ocellatum SAG 48.90 = DSM 106950,327,64.1,63.4,98.8,3.23975e-152,441.81
WP_322706763,Nostoc sp. DedQUE04,324,64.7,63.4,97.9,3.24923e-152,441.81
WP_448271545,Nostoc sp. DSM 114160,324,65.1,63.4,97.3,5.08885e-152,441.039
MDZ8188470,Nostoc sp. ChiSLP02,324,65.5,64.0,97.6,5.14484e-152,441.039
MBW4509387,Scytonematopsis contorta HA4267-MV1,323,64.5,62.8,97.0,5.98048e-152,441.039
WP_335200945,Nostoc sp.,324,64.4,63.1,97.9,7.46354e-152,440.654
WP_322712808,Nostoc sp. ChiSLP03a,324,64.4,63.1,97.9,7.46354e-152,440.654
WP_335230127,Nostoc sp.,324,65.5,64.0,97.6,7.54566e-152,440.654
WP_335162576,Nostoc sp.,321,65.7,63.4,96.4,8.82012e-152,440.654
WP_322683907,Nostoc sp. DedQUE07,324,64.7,63.4,97.9,9.91972e-152,440.654
WP_335213834,Nostoc sp.,321,65.4,63.1,96.4,1.13443e-151,440.269
WP_322737619,Nostoc sp. DedQUE12b,324,65.0,63.7,97.9,1.34759e-151,440.269
WP_292734818,Nostoc sp. JL31,324,64.9,63.4,97.6,1.36242e-151,440.269
WP_289799840,unclassified Nostoc,324,65.1,63.4,97.3,1.3774e-151,440.269
WP_448268852,Nostoc sp. DSM 114159,324,64.8,63.1,97.3,1.39256e-151,440.269
WP_322701037,Nostoc sp. DedQUE08,324,64.7,63.4,97.9,1.48705e-151,439.884
WP_480261094,Nostoc sp. LEGE 12454,324,64.6,63.1,97.6,1.60543e-151,439.884
WP_461945196,Nostoc sp.,321,65.4,63.1,96.4,1.93926e-151,439.499
WP_322671243,Nostoc sp. DedQUE05,324,64.4,63.1,97.9,2.65572e-151,439.499
WP_334720585,Nostoc sp.,324,64.9,63.4,97.6,2.74434e-151,439.499
MBE8968611,Nostocales cyanobacterium LEGE 12452,324,64.1,62.8,97.9,3.02835e-151,439.113
WP_445628605,Nostoc sp. DSM 114167,324,64.8,63.1,97.3,3.30538e-151,439.113
WP_334817137,Nostoc sp.,321,65.6,63.7,97.0,3.86389e-151,438.728
WP_334700480,Nostoc sp.,324,64.3,62.8,97.6,1.21533e-150,437.573
WP_104906803,Nostoc sp. 'Lobaria pulmonaria (5183) cyanobiont',324,64.9,63.4,97.6,1.44785e-150,437.573
WP_334999890,Nostoc sp.,324,64.8,63.1,97.3,1.74383e-150,437.187
WP_322698445,Nostoc sp. DedSLP03,323,64.5,62.8,97.3,2.44156e-150,436.802
WP_335081393,Nostoc sp.,324,64.6,63.1,97.6,3.47427e-150,436.417
WP_334758182,Nostoc sp.,321,65.4,63.1,96.4,4.53134e-150,436.032
WP_334873510,Nostoc sp.,324,64.6,63.1,97.6,5.03989e-150,436.032
WP_334741305,Nostoc sp.,321,65.4,63.1,96.4,5.57843e-150,436.032
WP_322732840,Nostoc sp. ChiQUE01b,324,64.3,62.8,97.6,7.23144e-150,435.647
WP_300419468,unclassified Nostoc,321,65.1,62.8,96.4,9.85385e-150,435.261
WP_190710872,unclassified Nostoc,324,63.4,63.1,99.4,1.12018e-149,435.261
MBW4561628,Mojavia pulchra JT2-VF2,324,63.8,61.9,97.0,1.17029e-149,435.261
NER45825,Symploca sp. SIO1A3,296,67.1,59.5,88.6,1.19596e-149,434.106
WP_335116798,Nostoc sp.,321,65.4,63.1,96.4,1.32405e-149,434.876
WP_334954795,Nostoc sp.,324,64.6,63.1,97.6,2.04466e-149,434.491
WP_335044536,Nostoc sp.,324,64.6,63.1,97.6,2.3831e-149,434.491
MDJ0737518,Nostocaceae cyanobacterium,328,62.4,61.3,97.9,2.71564e-149,434.491
WP_375479562,uncultured Nostoc sp.,324,64.6,63.1,97.6,3.81465e-149,434.106
MDF5711280,Nostoc sp. S4,321,64.4,62.5,97.0,3.86874e-149,433.721
WP_334999512,Nostoc sp.,321,64.8,62.5,96.4,4.13123e-149,433.721
WP_292835194,Nostoc sp. JL33,321,64.7,62.8,97.0,4.31604e-149,433.721
WP_229549034,Nostoc sp. CHAB 5836,321,64.7,62.8,97.0,5.25551e-149,433.335
WP_236142835,Nostoc sp. CMAA1605,325,62.7,61.6,98.2,5.31025e-149,433.721
WP_237996978,Nostoc sp. UHCC 0870,325,62.4,61.3,98.2,9.27749e-149,432.95
RCJ27387,Nostoc sp. ATCC 43529,324,64.0,62.5,97.6,9.35551e-149,432.95
MEO1432310,Cyanobacteria bacterium J06633_8,343,64.7,62.8,96.7,1.01315e-148,433.721
WP_334906616,Nostoc sp.,323,64.4,62.5,97.0,1.42972e-148,432.565
WP_190953720,Cyanophyceae,324,64.0,62.5,97.6,1.80362e-148,432.18
WP_427157183,Aliinostoc sp. HNIBRCY26,325,62.4,61.3,98.2,1.9099e-148,432.18
WP_193912671,Desmonostoc muscorum,329,64.8,62.5,96.4,1.99368e-148,432.18
WP_190733742,Nostoc sp. FACHB-888,321,63.8,61.9,97.0,2.30181e-148,431.795
WP_099100407,Nostoc sp. 'Peltigera malacea cyanobiont' DB3992,324,64.0,62.5,97.6,2.76339e-148,431.795
MIA2418845,Nostocaceae cyanobacterium,328,62.4,61.3,97.9,2.9164e-148,431.795
WP_335193189,Nostoc sp.,323,64.1,62.2,97.0,4.04225e-148,431.409
MBD2517060,Nostoc sp. FACHB-973,329,64.8,62.5,96.4,4.14917e-148,431.409
MCC5647405,Nostoc sp. CHAB 5824,321,63.5,61.6,97.0,4.20141e-148,431.024
WP_334945197,Nostoc sp.,321,64.5,62.2,96.4,7.10328e-148,430.639
MBW4569289,Tolypothrix carrinoi HA7290-LM1,356,63.2,62.5,98.5,7.22932e-148,431.795
WP_335127078,Nostoc sp.,321,64.8,62.5,96.4,8.64932e-148,430.254
WP_196518418,Nostoc sp. WHI,324,64.4,62.5,97.0,9.61765e-148,430.254
WP_334967332,Nostoc sp.,321,63.8,61.9,97.0,1.78059e-147,429.483
MBX9253672,Desmonostoc muscorum CCALA 125,324,63.4,61.9,97.6,2.06842e-147,429.483
WP_334890994,Nostoc sp.,321,64.5,62.2,96.4,2.29002e-147,429.483
MFN6563020,Nostoc sp. ChiSLP01,324,62.8,61.3,97.6,2.30754e-147,429.483
KAB8333301,Scytonema tolypothrichoides VB-61278,336,63.3,62.8,98.8,2.53778e-147,429.869
WP_214442344,Atlanticothrix silvestris,324,63.4,61.9,97.6,2.63124e-147,429.098
MBW4455787,Nostoc indistinguendum CM1-VF10,321,63.5,61.6,97.0,2.94521e-147,429.098
WP_229556589,Nostoc sp. XA010,321,63.2,61.3,97.0,3.62567e-147,428.713
MDZ8106328,Nostoc sp. DedQUE12a,324,63.1,61.6,97.6,3.94406e-147,428.713
MDY6900274,Cyanobacteriota bacterium,341,63.7,62.2,97.3,5.05888e-147,429.098
WP_322651560,Nostoc sp. ChiVER01,321,62.8,61.0,97.0,5.49451e-147,428.328
WP_323203499,Nostoc sp. UHCC 0251,321,63.5,61.6,97.0,7.30223e-147,427.943
MCC5654232,Nostoc sp. XA013,321,63.2,61.3,97.0,7.88339e-147,427.943
WP_190946003,Nostoc flagelliforme,326,63.3,61.6,97.3,8.33998e-147,427.943
WP_375509528,uncultured Nostoc sp.,321,63.5,61.6,97.0,8.51079e-147,427.943
MBW4591406,Brasilonema angustatum HA4187-MV1,352,64.2,63.7,98.8,9.46241e-147,429.098
WP_096603686,Calothrix sp. NIES-2100,323,63.4,61.3,96.7,9.96954e-147,427.943
WP_335163740,Nostoc sp.,321,62.8,61.0,97.0,1.03631e-146,427.557
WP_169216726,Brasilonema sp. UFV-L1,323,63.7,62.2,97.3,1.18765e-146,427.557
WP_163518793,Hassallia byssoidea,356,63.2,62.5,98.5,1.18771e-146,428.713
MEH2070214,Nostoc sp.,320,64.4,62.5,97.0,1.63655e-146,427.172
WP_190538291,Calothrix,323,62.8,61.0,97.0,2.00783e-146,427.172
MBD0304878,Tolypothrix sp. T3-bin4,321,63.2,61.3,97.0,2.13329e-146,426.787
AOX03372,Moorena producens PAL-8-15-08-1,333,62.9,62.2,97.0,2.3719e-146,427.172
BDA75667,Calothrix sp. PCC 7716,363,62.5,60.7,96.7,2.53443e-146,428.328
WP_460343232,Nostoc sp. UIC 10890,324,63.7,62.2,97.6,2.8879e-146,426.787
WP_293074234,Moorena sp. SIO4A5,333,62.9,62.2,97.0,2.888e-146,426.787
WP_138503315,Nostoc sp. PA-18-2419,320,64.4,62.5,97.0,3.01983e-146,426.402
WP_099071782,Nostoc linckia,322,62.5,60.7,97.0,4.12277e-146,426.017
MGF1988609,Nostoc sp. ZfuVER08,322,62.5,60.7,97.0,4.59936e-146,426.017
WP_229497274,Nostoc mirabile,321,63.2,61.3,97.0,4.68933e-146,426.017
WP_375504985,uncultured Nostoc sp.,321,62.8,61.0,97.0,5.4654e-146,425.631
WP_335036619,Nostoc sp.,321,63.5,61.6,97.0,8.01491e-146,425.246
WP_322653097,Nostoc sp. CmiVER01,321,62.5,60.7,97.0,8.46549e-146,425.246
WP_293074889,Moorena sp. SIO3H5,333,62.3,61.6,97.0,8.7164e-146,425.631
MBW4427079,Nostoc desertorum CM1-VF14,321,62.8,61.0,97.0,8.84413e-146,425.246
WP_424098858,Moorena producens,333,62.6,61.9,97.0,8.90917e-146,425.631
WP_193996935,unclassified Nodularia (in: cyanobacteria),322,63.5,61.6,97.0,9.06233e-146,425.246
WP_334963529,Nostoc sp.,321,63.5,61.6,97.0,9.65297e-146,425.246
WP_293119853,Moorena sp. SIO4G3,333,62.6,61.9,97.0,1.03833e-145,425.631
WP_335117796,Nostoc sp.,321,63.2,61.3,97.0,1.05358e-145,425.246
WP_488010507,Moorena sp.,333,62.6,61.9,97.0,1.06129e-145,425.631
MCL6752270,Nostoc sp. CCCryo 231-06,321,62.8,61.0,97.0,1.07688e-145,425.246
WP_196523969,Nostoc commune,321,62.8,61.0,97.0,1.14993e-145,424.861
WP_293105775,Moorena sp. SIO3I6,355,62.9,62.2,97.0,1.16456e-145,426.402
WP_190626826,unclassified Calothrix,323,62.2,60.4,97.0,1.18122e-145,424.861
WP_335026294,Nostoc sp.,321,63.5,61.6,97.0,1.21458e-145,424.861
XHR82378,Gloeotrichia echinulata GP01,330,62.7,61.0,97.3,1.35514e-145,425.246
WP_229484796,Nostoc favosum,321,62.8,61.0,97.0,1.59659e-145,424.476
WP_185570089,Nostoc sp. 2RC,322,62.0,60.4,97.3,1.63596e-145,424.476
WP_335099415,Nostoc sp.,321,63.9,61.6,96.4,1.68634e-145,424.476
WP_335145188,Nostoc sp.,321,63.2,61.3,97.0,1.70489e-145,424.476
WP_109011045,Nostoc commune,321,62.5,60.7,97.0,1.94403e-145,424.476
WP_298920288,uncultured Nostoc sp.,321,63.5,61.6,97.0,1.96542e-145,424.476
WP_293106603,Moorena sp. SIOASIH,333,62.0,61.3,97.0,2.02335e-145,424.861
WP_229424121,Moorena producens,385,62.9,62.2,97.0,2.10636e-145,426.787
WP_190913443,Nostoc sp. FACHB-892,321,62.2,60.4,97.0,2.2411e-145,424.091
MCC5608575,Nostoc sp. CHAB 5834,321,63.2,61.3,97.0,2.52766e-145,424.091
MBP5971187,Brasilonema sp. CT11,336,63.6,63.1,98.8,2.95526e-145,424.476
WP_335135074,Nostoc sp.,321,63.2,61.3,97.0,3.01112e-145,424.091
WP_293059286,unclassified Moorena,378,62.9,62.2,97.0,3.25695e-145,426.017
NEO45671,Moorena sp. SIO4A3,333,62.6,61.9,97.0,3.85747e-145,424.091
BAY82995,Calothrix parasitica NIES-267,344,61.3,61.0,99.1,4.31693e-145,424.476
WP_334829637,Nostoc sp.,321,63.9,61.6,96.4,5.09043e-145,423.32
WP_273765658,unclassified Nostoc,321,63.2,61.3,97.0,5.80444e-145,423.32
MGJ5676867,Nostochopsis sp.,277,70.0,58.3,83.2,6.07607e-145,421.394
WP_100898894,Nostoc flagelliforme,321,62.5,60.7,97.0,6.13074e-145,423.32
WP_334742372,Nostoc sp.,321,63.2,61.3,97.0,6.19817e-145,423.32
WP_335175884,Nostoc sp.,321,63.2,61.3,97.0,6.6186e-145,422.935
MEM9925417,Cyanobacteria bacterium P01_D01_bin.50,347,62.0,61.3,98.5,6.80333e-145,424.091
WP_263743829,Plectonema radiosum,349,62.9,61.6,97.6,8.41029e-145,423.705
WP_300640930,Mastigocoleus sp. MO_188.B34,327,62.7,61.0,97.0,9.53044e-145,422.935
WP_335076995,Nostoc sp.,321,63.5,61.6,97.0,9.81256e-145,422.55
WP_008184760,Moorena producens,333,62.0,61.3,97.0,1.02098e-144,422.935
MBW4476211,Tolypothrix brevis GSE-NOS-MK-07-07A,349,62.5,62.5,99.7,1.1054e-144,423.705
AOY83846,Moorena producens JHB,333,62.0,61.3,97.0,1.20298e-144,422.935
NET67134,Moorena sp. SIO1G6,333,62.0,61.3,97.0,1.25677e-144,422.935
WP_334798375,Nostoc sp.,321,63.2,61.3,97.0,1.8915e-144,421.779
MBW4614194,Desmonostoc vinosum HA7617-LM4,340,63.1,62.2,98.2,2.30482e-144,422.55
WP_334993410,Nostoc sp.,330,61.3,60.1,97.9,2.56854e-144,421.779
NEO96186,Moorena sp. SIO3G5,333,61.1,60.4,97.0,2.67281e-144,422.165
WP_190949650,Nostoc punctiforme,322,61.9,60.1,97.0,2.90488e-144,421.394
MEO1372806,Cyanobacteria bacterium J06635_10,352,62.6,61.9,98.5,3.17744e-144,422.55
WP_334726198,Nostoc sp.,321,62.8,61.0,97.0,3.97948e-144,421.009
WP_171975752,Brasilonema sennae,346,63.7,62.8,98.2,4.54994e-144,421.779
WP_229414501,unclassified Moorena,365,62.0,61.3,97.0,5.88404e-144,422.165
WP_017748605,Scytonema hofmannii,350,61.7,61.6,99.4,7.10577e-144,421.394
MGF1677473,Rivularia sp. (in: cyanobacteria),360,61.0,61.0,99.7,7.65863e-144,421.779
WP_287313274,Moorena sp. SIO1G6,379,62.0,61.3,97.0,9.24181e-144,422.55
WP_038296423,Nostocales,341,63.2,61.9,97.6,1.09123e-143,420.624
MEL6458532,Cyanobacteria bacterium J06621_15,341,61.8,60.7,97.9,1.58259e-143,420.239
WP_015119481,Rivularia sp. PCC 7116,341,62.0,60.7,97.6,1.6899e-143,420.239
MEL7246165,Cyanobacteria bacterium J06573_2,341,61.8,60.7,97.9,2.08009e-143,419.853
NEO48388,Moorena sp. SIO4A3,333,61.7,61.0,97.0,2.25463e-143,419.468
WP_036480469,Myxosarcina sp. GI1,324,61.0,59.2,96.7,2.51751e-143,419.083
MBC6433522,Nostoc sp. HG1,321,61.9,60.1,97.0,2.75804e-143,419.083
MEC4813244,Scytonema sp. PMC 1069.18,352,60.5,60.7,100.0,4.83338e-143,419.468
WP_169263517,Brasilonema octagenarum,346,63.4,62.5,98.2,6.07174e-143,419.083
MHK3886838,Cyanobacteriota bacterium,345,63.2,61.3,96.7,6.83322e-143,418.698
WP_010999571,Nostocaceae,323,61.9,60.1,97.0,7.66331e-143,417.927
MFH7028995,Heteroscytonema crispum UTEX LB 1556,347,60.7,60.7,99.7,8.17365e-143,418.698
MHZ8096574,Hyella sp.,328,62.8,61.9,98.2,8.4625e-143,417.927
WP_414583181,Scytonema sp. PCC 10023,326,62.3,61.0,97.6,2.25387e-142,416.772
BAZ30401,Cylindrospermum sp. NIES-4074,324,63.5,62.2,97.6,2.58611e-142,416.772
WP_096637302,Trichormus variabilis,338,62.3,60.1,96.4,2.81918e-142,417.157
MGK7916305,Prochloraceae cyanobacterium,326,63.5,62.2,97.6,3.26894e-142,416.387
KAB8314179,Tolypothrix campylonemoides VB511288,326,62.0,60.7,97.6,3.49062e-142,416.387
WP_075905777,Moorena bouillonii,333,61.1,60.4,97.0,3.95637e-142,416.387
WP_237988437,Nostoc sp. UHCC 0870,325,61.5,60.1,97.6,4.14845e-142,416.001
HLP88051,Nostocaceae cyanobacterium,338,62.3,61.0,97.6,5.9294e-142,416.387
WP_322644581,unclassified Nostoc,263,70.6,55.6,78.7,1.13624e-141,412.535
MGB6295843,Rivularia sp. (in: cyanobacteria),324,62.5,60.7,96.7,1.53744e-141,414.461
MBV6623877,Rivularia sp. MS3,339,61.0,59.8,97.6,1.69734e-141,415.231
WP_069068280,Nostoc sp. KVJ20,335,59.5,59.5,100.0,2.02649e-141,414.846
MGH8000703,Brasilonema sp.,350,64.9,63.4,97.3,2.80866e-141,414.846
WP_155751393,Scytonema sp. UIC 10036,350,60.8,60.7,99.4,3.77285e-141,414.846
NJM72750,Scytonema sp. RU_4_4,340,64.9,63.4,97.3,6.04572e-141,413.69
HLO89314,Nostocaceae cyanobacterium,344,62.0,60.7,97.6,7.50326e-141,413.69
MGB3755538,Rivularia sp. (in: cyanobacteria),364,60.8,60.7,99.4,1.53504e-140,413.69
NDJ21710,Nostoc sp. B(2019),338,61.6,60.7,98.2,3.99017e-140,411.764
MGK7898742,Xenococcus sp. (in: cyanobacteria),323,61.9,60.1,96.7,1.07939e-139,409.838
WP_414530538,Nodularia chucula,322,60.4,58.6,97.0,3.54661e-139,408.683
NEO66080,Moorena sp. SIO4G2,309,62.9,58.6,91.3,6.3489e-139,407.527
WP_432549668,Tolypothrix sp. VBCCA 56010,356,63.5,62.2,97.6,6.85726e-139,409.068
MEO1347947,Cyanobacteria bacterium J06635_15,333,60.9,59.8,97.6,7.4744e-139,408.297
WP_006509130,Xenococcus sp. PCC 7305,333,63.4,61.9,97.3,1.01511e-138,407.912
WP_193198017,Nostoc sp. MG11,338,61.3,60.4,98.2,1.20837e-138,407.912
WP_191756842,Komarekiella delphini-convector,338,61.0,60.1,98.2,1.55377e-138,407.527
WP_026732077,Fischerella sp. PCC 9605,324,60.2,58.6,97.0,2.36171e-138,406.757
MBW4682797,Microcoleus vaginatus WJT46-NPBG5,325,60.1,58.9,97.6,3.28564e-138,406.371
MGB3638689,Rivularia sp. (in: cyanobacteria),346,61.6,59.8,96.7,4.76031e-138,406.757
WP_015199859,Calothrix sp. PCC 6303,323,61.4,59.8,96.7,4.84911e-138,405.601
MHK1528428,Cyanobacteriota bacterium,333,58.8,58.0,98.2,1.17476e-137,405.216
MBU7587499,Nostoc sp. TH1S01,323,59.6,57.7,96.7,1.28307e-137,404.831
MHL1117128,Cyanobacteriota bacterium,333,58.8,58.0,98.2,1.46182e-137,404.831
MGI8500317,Hassallia sp.,362,61.3,61.3,99.7,1.94075e-137,405.601
WP_193919814,Plectonema radiosum,346,59.7,58.3,97.0,2.05887e-137,405.216
WP_190674258,Microcoleus sp. FACHB-672,325,59.2,58.0,97.6,7.91163e-137,402.905
MGL5808285,Xenococcaceae cyanobacterium,324,60.8,59.2,97.0,8.6164e-137,402.519
WP_017315239,Mastigocladopsis repens,326,62.1,60.1,96.4,1.21433e-136,402.134
WP_293086228,Moorena sp. SIO4A1,309,61.9,57.7,91.3,1.52082e-136,401.364
MBD3886019,Phormidium tenue FACHB-886,325,60.1,58.9,97.6,2.75101e-136,401.364
WP_190760334,Microcoleus sp. FACHB-68,325,59.4,57.7,96.7,2.81182e-136,401.364
MGC9523999,Limnospira sp.,325,59.4,57.7,97.0,5.35905e-136,400.593
MCU0536151,Hydrococcus sp. Prado102,353,60.4,58.6,96.7,1.83951e-135,400.208
WP_096621680,Calothrix sp. NIES-3974,333,57.9,57.1,98.2,1.95664e-135,399.438
WP_324702294,Lyngbya sp. CCY1209,325,58.8,57.1,97.0,1.08285e-134,397.512
MBW4494006,Oscillatoria princeps RMCB-10,324,59.4,57.7,96.7,1.2321e-134,397.127
MBW4666312,Cyanomargarita calcarea GSE-NOS-MK-12-04C,339,58.1,57.4,98.5,2.14345e-134,397.127
MBW4620762,Cyanosarcina radialis HA8281-LM2,322,60.2,58.3,96.4,3.07343e-134,395.971
OWY65425,cyanobacterium TDX16,330,60.9,59.5,97.3,4.33469e-134,395.971
BDA69401,Calothrix sp. PCC 7716,322,58.8,57.4,96.7,7.61419e-134,395.201
WP_438556202,Chroococcidiopsis sp.,330,60.3,58.9,97.3,2.04607e-133,394.43
WP_192160552,Chroococcidiopsis sp. [FACHB-1243,325,59.2,58.0,97.6,3.81936e-133,393.275
WP_017717761,Kamptonema formosum,325,57.6,55.9,96.7,4.30726e-133,393.275
NJM67726,Acaryochloris sp. RU_4_1,330,62.0,60.7,97.6,6.10268e-133,392.889
WP_127082104,Dulcicalothrix desertica,322,58.6,57.1,97.0,1.55493e-132,391.734
WP_371934098,Chroococcidiopsis sp. CCNUC1,322,59.8,58.0,96.7,4.43982e-132,390.578
WP_015152170,Chroococcidiopsis thermalis,325,59.2,58.0,97.6,5.93321e-132,390.193
URD50462,Chroococcidiopsis sp. CCNUC1,341,59.8,58.0,96.7,6.04129e-132,390.963
WP_106544127,Chroococcidiopsis sp. CCALA 051,325,59.2,58.0,97.6,9.38901e-132,389.808
WP_317104634,Chroococcidiopsis sp. SAG 2025,325,59.5,58.3,97.6,1.07046e-131,389.808
MDJ0566887,Microcystis sp. M49629_WE12,189,97.9,55.6,56.8,3.66843e-131,383.259
WP_106168962,Chroococcidiopsis cubana,322,59.4,57.7,96.7,5.48238e-131,387.882
MDZ4872779,Chroococcidiopsis cubana SAG 39.79,341,59.4,57.7,96.7,1.05716e-130,387.882
WP_039714792,Scytonema millei,324,59.1,57.7,97.3,1.07178e-130,387.111
MEM8805470,Cyanobacteria bacterium P01_G01_bin.38,325,57.7,56.5,97.6,4.30115e-130,385.571
WP_428850929,Nostoc sp. CmiVER01,245,72.0,53.2,73.9,1.01247e-129,381.719
MGD1949190,Leptolyngbyaceae cyanobacterium,332,57.4,56.2,97.6,1.29862e-129,384.8
MGL5873950,Xenococcaceae cyanobacterium,312,59.6,55.9,93.4,2.1612e-129,383.259
MBE7384959,Leptolyngbya sp. SIO1E4,333,56.6,55.6,97.6,2.19764e-129,384.03
MGL5061656,Microcoleus sp.,367,58.2,56.5,96.7,1.44525e-128,383.259
MEM1309737,Cyanobacteria bacterium P01_H01_bin.153,324,56.3,54.7,96.7,4.66005e-128,380.563
MEM9767275,Cyanobacteria bacterium P01_D01_bin.71,324,56.0,54.4,96.7,9.37652e-128,379.793
MDT4953593,Acidobacteriota bacterium,334,54.9,55.6,100.0,1.54185e-127,379.407
MFL6334565,Pyrinomonadaceae bacterium,328,55.0,54.1,97.6,4.26282e-127,378.252
WP_015158320,Chamaesiphon minutus,322,57.3,55.6,96.7,7.44675e-127,377.481
BAZ05418,Calothrix sp. NIES-3974,314,57.2,53.5,93.1,9.64695e-127,376.711
HEX7318217,Pyrinomonadaceae bacterium,335,54.6,53.5,97.3,1.46496e-126,377.096
MDT5063186,Acidobacteriota bacterium,334,54.6,55.3,100.0,5.19202e-126,375.555
HVF48478,Pyrinomonadaceae bacterium,331,55.2,53.8,96.7,3.73069e-125,373.244
WP_310426493,Chamaesiphon sp. VAR_48_metabat_135_sub,327,55.7,54.1,96.7,1.34511e-124,371.703
MBD0388033,Nostoc sp. C3-bin3,284,61.8,52.9,85.6,2.05438e-124,369.777
HEX8475271,Pyrinomonadaceae bacterium,327,56.0,55.0,97.9,2.64737e-124,370.933
MEM7065805,Cyanobacteria bacterium P01_B01_bin.77,339,55.3,53.5,96.4,3.35163e-124,371.318
WP_353122805,Planktothrix agardhii,213,80.3,51.4,64.0,1.14868e-123,365.155
MHC5728550,Nostoc sp.,236,71.3,50.8,71.2,1.56688e-123,365.54
WP_190947337,Nostoc flagelliforme,326,54.9,53.8,97.6,5.81155e-123,367.466
MBA3239759,Acidobacteriota bacterium,334,55.2,53.8,96.7,9.19791e-123,367.466
MGB7923059,Pyrinomonadaceae bacterium,330,53.6,53.2,98.8,1.3114e-122,366.696
HEX5703699,Pyrinomonadaceae bacterium,330,53.8,53.5,99.1,1.56172e-122,366.696
MHE8508814,Phycisphaerae bacterium,339,53.7,52.6,97.6,1.66952e-122,367.081
HEV2883702,Pyrinomonadaceae bacterium,330,54.2,54.1,99.1,4.91439e-122,365.54
MHZ4446592,Phycisphaerae bacterium,339,52.8,51.7,97.6,5.48683e-122,365.54
HEX8150633,Pyrinomonadaceae bacterium,336,53.4,52.3,97.0,5.52579e-122,365.54
MEW6731466,Acidobacteriota bacterium,327,54.8,53.2,96.7,7.49124e-122,364.77
HEY0405269,Pyrinomonadaceae bacterium,329,53.2,52.3,97.6,1.11294e-121,364.385
HEU4593931,Pyrinomonadaceae bacterium,336,53.8,52.6,96.7,1.89712e-121,363.999
MDX6694854,Blastocatellia bacterium,331,54.3,52.9,96.7,2.34458e-121,363.614
MET0649168,Pyrinomonadaceae bacterium,335,52.8,51.7,97.3,2.60026e-121,363.614
MDT5271252,Acidobacteriota bacterium,332,54.1,53.2,97.6,2.61852e-121,363.614
MHD9604252,Phycisphaerae bacterium,338,53.4,52.3,97.6,2.75652e-121,363.614
MGA9770645,Blastocatellia bacterium,329,52.5,51.4,97.6,7.94133e-121,362.459
HYO99832,Pyrinomonadaceae bacterium,329,55.5,54.4,97.6,8.0285e-121,362.459
HJQ33738,Pyrinomonadaceae bacterium,329,51.8,50.8,97.3,1.02079e-120,362.073
MGH8550816,Methylococcales bacterium,335,54.3,52.6,96.4,1.04006e-120,362.073
HEV2799137,Pyrinomonadaceae bacterium,329,55.8,54.7,97.6,1.80079e-120,361.303
HEY0380271,Pyrinomonadaceae bacterium,329,53.3,53.2,99.1,1.92269e-120,361.303
HEY0546545,Pyrinomonadaceae bacterium,334,53.2,52.3,97.6,1.93514e-120,361.688
HKQ52585,Pyrinomonadaceae bacterium,330,54.0,52.6,96.7,2.76011e-120,360.918
QEO74470,uncultured bacterium,365,52.8,51.7,97.0,3.40788e-120,362.073
HEV7904919,Pyrinomonadaceae bacterium,333,55.2,54.1,97.6,4.4789e-120,360.533
HST21639,Blastocatellia bacterium,329,53.1,52.0,97.6,1.07878e-119,359.377
MCH8242863,Planctomycetota bacterium,337,52.9,52.0,97.9,2.46988e-119,358.992
PYP86366,Blastocatellia bacterium AA13,327,54.4,53.5,97.9,2.84258e-119,358.221
HEU5130644,Pyrinomonadaceae bacterium,328,52.3,51.4,97.6,3.61878e-119,358.221
HWS90024,Pyrinomonadaceae bacterium,335,52.5,51.4,97.3,6.72518e-119,357.451
MHZ6382196,Phycisphaerae bacterium,337,52.5,51.4,97.6,6.81454e-119,357.836
MHH9023541,Pyrinomonadaceae bacterium,336,51.2,50.2,97.9,8.1943e-119,357.451
HEV2830330,Pyrinomonadaceae bacterium,330,54.1,53.2,97.6,9.90243e-119,357.066
MGB9180801,Pyrinomonadaceae bacterium,330,53.3,52.9,98.8,1.1412e-118,356.681
HKG61760,Pyrinomonadaceae bacterium,331,53.4,52.0,96.7,1.24683e-118,356.681
MFY9620171,Pyrinomonadaceae bacterium,337,51.8,51.4,97.6,1.90071e-118,356.681
MBV9211538,Acidobacteriota bacterium,336,53.2,52.3,97.6,2.36164e-118,356.295
MBI4719627,Planctomycetota bacterium,336,50.9,51.1,99.7,2.57708e-118,356.295
MCH8150141,Planctomycetota bacterium,338,50.6,50.8,100.0,2.88051e-118,356.295
MHS7622133,Candidatus Multivoradales bacterium,328,51.8,51.4,97.6,4.12668e-118,355.525
MDX6270361,Acidobacteriota bacterium,331,55.0,54.1,97.6,5.56074e-118,355.14
MGB7934151,Gammaproteobacteria bacterium,333,53.1,51.4,96.4,5.57362e-118,355.14
HYK20311,Pyrinomonadaceae bacterium,326,51.8,51.1,97.6,7.83758e-118,354.755
HVG33984,Pyrinomonadaceae bacterium,330,52.1,52.3,100.0,1.00127e-117,354.369
HKO96017,Pyrinomonadaceae bacterium,335,50.9,50.5,97.6,1.17318e-117,354.369
HEX8129143,Pyrinomonadaceae bacterium,327,55.6,54.1,96.7,1.21425e-117,353.984
NEQ15762,Moorena sp. SIO3E2,285,61.9,50.2,81.1,1.63377e-117,352.058
HJR06138,Pyrinomonadaceae bacterium,339,55.4,54.4,97.6,1.84281e-117,353.984
WP_044192188,Hyalangium minutum,342,53.5,52.3,97.6,1.88911e-117,354.369
HEX7174815,Pyrinomonadaceae bacterium,330,51.4,50.5,97.6,2.5316e-117,353.599
WP_366510649,unclassified Moorena,239,67.4,46.5,69.1,3.23099e-117,349.747
MCI0667036,Methylococcaceae bacterium,335,52.8,51.1,96.4,3.45539e-117,353.214
WP_324159341,Paraburkholderia sp.,333,52.5,51.1,97.0,7.24085e-117,352.443
MDQ1611323,Pyrinomonadaceae bacterium,331,54.4,53.5,97.6,7.46538e-117,352.443
WP_342950899,Paraburkholderia sp. JHI869,333,53.1,52.0,97.6,9.61598e-117,352.058
HEV2882321,Pyrinomonadaceae bacterium,326,53.7,52.6,97.6,1.01858e-116,351.673
HEX7772049,Pyrinomonadaceae bacterium,327,51.2,49.8,96.7,1.03096e-116,351.673
MHS0738194,Phycisphaerae bacterium,325,54.0,52.9,97.6,1.14713e-116,351.673
WP_158761794,Paraburkholderia acidiphila,333,52.6,51.7,97.9,1.24945e-116,351.673
HYP28510,Blastocatellia bacterium,332,52.7,52.0,97.6,1.2618e-116,351.673
HEX5890015,Pyrinomonadaceae bacterium,330,51.4,50.2,97.6,1.51563e-116,351.288
MDQ1592456,Pyrinomonadaceae bacterium,331,54.1,53.2,97.6,2.47921e-116,350.903
HZG51744,Pyrinomonadaceae bacterium,326,52.5,51.4,97.6,2.84107e-116,350.517
MCI0732249,Methylococcaceae bacterium,335,52.5,50.8,96.4,6.43213e-116,350.132
WP_266229837,Paraburkholderia sp. CNPSo 3076,333,52.9,51.4,96.7,6.9285e-116,349.747
HET8782654,Pyrinomonadaceae bacterium,327,51.7,50.8,97.6,7.34965e-116,349.747
HEU4710810,Pyrinomonadaceae bacterium,324,51.5,50.5,97.3,8.16896e-116,349.362
WP_208866255,Paraburkholderia lacunae,325,52.9,51.4,96.7,9.95339e-116,349.362
HEX8633160,Pyrinomonadaceae bacterium,326,52.5,51.1,97.0,1.02963e-115,349.362
HKP80545,Pyrinomonadaceae bacterium,330,51.4,50.5,97.6,1.17883e-115,349.362
RDK03125,Paraburkholderia lacunae,333,52.8,51.4,97.0,1.29036e-115,349.362
HEX7334808,Pyrinomonadaceae bacterium,347,50.9,50.2,97.9,2.38068e-115,348.977
WP_028204601,Paraburkholderia nodosa,333,52.3,50.8,96.7,3.22622e-115,348.206
MHS1089960,Phycisphaerae bacterium,326,54.3,53.2,97.6,3.3455e-115,347.821
MGD2086002,Candidatus Aminicenantota bacterium,328,53.1,51.4,96.1,7.93828e-115,347.051
WP_254342687,Paraburkholderia sp. CNPSo 3274,333,52.3,50.8,96.7,9.09438e-115,347.051
MHS2424228,Candidatus Krumholzibacteriia bacterium,339,52.6,52.0,97.6,9.44893e-115,347.051
MCA1564843,Acidobacteriota bacterium,329,53.1,51.7,97.0,9.88415e-115,346.665
HYV11082,Pyrinomonadaceae bacterium,328,50.9,49.5,96.7,1.10121e-114,346.665
WP_368707750,unclassified Paraburkholderia,333,52.3,50.8,96.7,1.14357e-114,346.665
WP_254354855,Paraburkholderia sp. CNPSo 3281,333,52.0,50.5,96.7,2.79723e-114,345.895
HEX5876171,Pyrinomonadaceae bacterium,323,51.2,50.2,97.3,2.82991e-114,345.51
HKR13630,Pyrinomonadaceae bacterium,324,51.7,50.5,97.0,3.09138e-114,345.51
HXS02484,Pyrinomonadaceae bacterium,322,50.2,48.6,96.7,3.5161e-114,345.125
HZM99517,Pyrinomonadaceae bacterium,331,50.9,49.5,96.7,8.49395e-114,344.354
HZN08736,Pyrinomonadaceae bacterium,327,50.6,49.8,97.9,8.74225e-114,344.354
HJT27345,Pyrinomonadaceae bacterium,322,50.8,49.5,97.3,9.28487e-114,343.969
MHS8573190,Pyrinomonadaceae bacterium,343,50.0,49.2,97.0,1.34186e-113,344.354
WP_233887829,Paraburkholderia flagellata,333,51.7,50.8,97.9,1.46814e-113,343.969
HEU4507554,Pyrinomonadaceae bacterium,332,50.2,49.2,97.6,1.56601e-113,343.969
HLL52472,Myxococcaceae bacterium,333,52.8,51.7,97.6,2.34666e-113,343.584
HUQ31320,Pyrinomonadaceae bacterium,323,52.5,49.8,94.3,2.67813e-113,342.813
HWN11162,Pyrinomonadaceae bacterium,327,50.8,49.8,97.6,2.93422e-113,342.813
WP_321963290,Paraburkholderia sp. J7,333,51.7,50.8,97.9,3.08226e-113,343.199
HEY0728280,Pyrinomonadaceae bacterium,330,50.5,49.2,97.6,3.10759e-113,343.199
PYS44393,Acidobacteriota bacterium,328,52.6,51.7,97.6,3.27558e-113,342.813
MCI0632188,Phycisphaerales bacterium,340,53.8,52.9,97.6,3.34605e-113,343.199
WP_149676569,Paraburkholderia panacisoli,333,50.9,49.5,97.0,3.40016e-113,343.199
HXC68563,Pyrinomonadaceae bacterium,323,51.6,49.5,95.5,3.96638e-113,342.428
HET9714048,Pyrinomonadaceae bacterium,327,50.2,49.2,97.6,6.7962e-113,342.043
HVF88892,Blastocatellia bacterium,332,50.6,49.5,97.6,7.28927e-113,342.043
MIB3130526,Paraburkholderia sp. FW306-2-2C-D06C,333,51.4,49.8,96.7,7.78899e-113,342.043
HEX3184813,Pyrinomonadaceae bacterium,328,51.2,50.8,97.6,8.18861e-113,342.043
HKT91401,Paraburkholderia sp.,333,50.8,49.8,97.9,8.31572e-113,342.043
MHS8947505,Pyrinomonadaceae bacterium,331,49.7,49.2,97.6,8.48424e-113,342.043
WP_321937036,Paraburkholderia sp. J8-2,333,51.4,50.5,97.9,9.27394e-113,342.043
MHE2549683,Thermoanaerobaculia bacterium,331,51.1,49.8,97.0,1.02126e-112,341.658
WP_407742793,Hyalangium sp.,329,50.6,49.5,97.9,1.1003e-112,341.658
HEY0097768,Pyrinomonadaceae bacterium,332,52.3,51.4,97.6,1.11535e-112,341.658
WP_321924963,Paraburkholderia guartelaensis,333,51.6,49.8,96.4,1.15343e-112,341.658
MHF9444977,Thermoanaerobaculia bacterium,331,51.1,49.8,97.0,1.20278e-112,341.658
MHE9942605,Thermoanaerobaculia bacterium,331,51.1,49.8,97.0,1.35609e-112,341.273
WP_321945076,Paraburkholderia sp. J10-1,333,51.1,50.2,97.9,1.37333e-112,341.658
HEX8189961,Pyrinomonadaceae bacterium,332,52.2,50.8,96.7,1.63376e-112,341.273
WP_324991421,Hyalangium sp.,342,51.2,50.2,97.9,1.73874e-112,341.658
WP_321913348,Paraburkholderia sp. J11-2,333,51.4,50.5,97.9,1.94687e-112,341.273
WP_368702744,Paraburkholderia sp. BR10937,333,51.6,49.8,96.4,3.74549e-112,340.502
MHD9906855,Thermoanaerobaculia bacterium,331,51.1,49.8,97.0,4.0801e-112,340.117
HEV2761376,Pyrinomonadaceae bacterium,327,50.8,49.8,97.6,6.64182e-112,339.732
WP_342925433,Paraburkholderia unamae,333,51.2,49.5,96.4,6.74923e-112,339.732
MCG8405871,Phycisphaerales bacterium,338,54.2,52.6,97.0,8.89816e-112,339.732
HEY9404262,Pyrinomonadaceae bacterium,326,55.0,54.1,97.6,1.27671e-111,338.961
MHE2184833,Thermoanaerobaculia bacterium,331,50.8,49.5,97.0,1.36894e-111,338.961
WP_293020514,Moorena sp. SIO3I8,223,68.2,45.6,67.0,1.51684e-111,334.724
HEX9918094,Pyrinomonadaceae bacterium,326,52.6,51.1,96.7,1.52012e-111,338.576
MHZ6467025,Phycisphaerae bacterium,310,52.5,48.0,91.3,3.03899e-111,337.421
HSE19080,Pyrinomonadaceae bacterium,326,50.6,49.5,97.6,3.29738e-111,337.806
MEN3330153,Acidobacteriota bacterium,329,49.8,48.9,97.6,3.52941e-111,337.806
HVG60959,Hyalangium sp.,325,50.0,48.9,97.9,4.00903e-111,337.421
HXQ72085,Pyrinomonadaceae bacterium,330,49.5,48.6,96.7,4.25176e-111,337.806
HZH77523,Archangium sp.,332,50.3,49.5,98.5,4.35241e-111,337.806
MHZ0577174,Candidatus Aminicenantia bacterium,328,50.8,48.9,96.1,4.78573e-111,337.421
WP_293103184,Moorena sp. SIO3I6,224,67.7,45.3,67.0,5.95887e-111,333.183
HEV2860709,Pyrinomonadaceae bacterium,324,50.3,48.9,96.7,1.17911e-110,336.265
MHT7638443,Candidatus Multivoradales bacterium,328,50.6,49.5,97.0,1.40866e-110,336.265
HEX8704415,Myxococcaceae bacterium,349,49.5,48.0,97.0,2.28109e-110,336.65
WP_448087966,Burkholderia sp. MR1-5-21,333,50.8,49.5,97.3,2.43914e-110,335.88
WP_407758022,Archangium sp.,340,50.6,49.5,97.9,3.04732e-110,335.88
WP_309894203,Archangium sp.,333,50.0,49.2,98.5,3.85572e-110,335.109
UCH95273,Candidatus Aminicenantota bacterium,328,49.2,47.4,96.1,4.23746e-110,335.109
WP_002611738,Allostigmatella aurantiaca,333,49.8,49.5,99.4,5.23218e-110,335.109
MHS0106693,Candidatus Eiseniibacteriota bacterium,334,53.1,51.7,97.0,1.42746e-109,333.954
HEU4834350,Pyrinomonadaceae bacterium,326,49.7,48.3,96.7,1.58276e-109,333.569
WP_341318065,Paraburkholderia sp. IMGN_8,333,52.9,51.4,96.7,2.38122e-109,333.183
HKV37355,Pyrinomonadaceae bacterium,327,50.0,48.6,96.7,3.25292e-109,332.798
HEX2252821,Thermoanaerobaculia bacterium,330,47.9,47.1,97.9,3.59609e-109,332.798
HEX8338305,Pyrinomonadaceae bacterium,309,52.7,46.8,88.3,3.64848e-109,332.028
HEX8285827,Pyrinomonadaceae bacterium,331,49.7,48.9,97.3,4.05705e-109,332.798
WP_375771541,Archangium gephyra,333,49.7,48.6,97.9,4.38454e-109,332.798
HEX5603219,Pyrinomonadaceae bacterium,327,48.8,47.7,97.6,4.97669e-109,332.413
HEX6046458,Pyrinomonadaceae bacterium,324,50.0,48.6,96.7,6.52121e-109,332.028
WP_437990719,Sorangium sp. So ce145,341,50.3,49.2,97.6,7.84833e-109,332.413
HEX8500728,Pyrinomonadaceae bacterium,334,51.5,50.8,97.6,9.20695e-109,331.643
HKY45801,Pyrinomonadaceae bacterium,327,50.2,49.2,97.6,1.02198e-108,331.643
WP_108073499,Vitiosangium sp. GDMCC 1.1324,332,50.0,48.9,97.9,1.0367e-108,331.643
WP_395829747,Archangium violaceum,324,49.5,47.7,96.4,1.16224e-108,331.257
WP_420927292,Archangium lansingense,333,49.2,48.0,97.6,1.33293e-108,331.257
WP_437711090,Sorangium sp. So ce448,341,50.0,48.9,97.6,1.96042e-108,331.257
MCP5049849,bacterium,329,52.5,51.4,97.3,1.99002e-108,330.872
WP_321549544,Hyalangium rubrum,343,48.5,47.4,97.9,2.0496e-108,331.257
WP_012239784,Sorangium cellulosum,341,50.0,48.9,97.6,2.51887e-108,330.872
HTG88379,Pyrinomonadaceae bacterium,331,50.3,49.2,97.3,2.58847e-108,330.487
HLM58078,Pyrinomonadaceae bacterium,324,49.8,48.3,96.7,2.63282e-108,330.487
HEX6184303,Pyrinomonadaceae bacterium,330,49.7,48.9,97.3,2.70211e-108,330.487
HEV7889804,Pyrinomonadaceae bacterium,327,49.5,48.6,97.0,2.78634e-108,330.487
HEY0083716,Pyrinomonadaceae bacterium,329,54.0,52.6,97.0,3.62447e-108,330.102
MHT6934343,Candidatus Multivoradales bacterium,331,49.2,48.6,97.9,4.32057e-108,330.102
WP_267534293,Archangium lansingense,333,48.9,47.7,97.6,4.32575e-108,330.102
MBA3240216,Acidobacteriota bacterium,328,51.4,50.2,97.0,4.45562e-108,329.717
WP_224369648,Hyalangium versicolor,324,49.4,48.3,97.9,5.28993e-108,329.717
WP_331099920,Archangium sp.,333,48.9,47.7,97.6,8.22891e-108,329.331
MFY9621075,Pyrinomonadaceae bacterium,326,50.6,49.8,97.9,1.47603e-107,328.561
MFL6281844,Pyrinomonadaceae bacterium,330,49.4,48.3,97.3,1.47978e-107,328.561
WP_437895089,Sorangium sp. So ce124,341,50.0,48.9,97.6,1.60598e-107,328.946
MHS8086043,Candidatus Multivoradales bacterium,331,50.3,49.5,97.0,1.66926e-107,328.561
WP_002623136,Cystobacter fuscus,324,49.8,48.0,96.4,2.7141e-107,327.791
MHR9313506,Candidatus Multivoradales bacterium,300,51.6,47.1,89.8,3.97829e-107,326.25
HEX6201836,Thermoanaerobaculia bacterium,330,48.5,47.7,97.9,4.44927e-107,327.405
HZI05563,Archangium sp.,333,48.8,47.7,97.9,6.81686e-107,327.02
HWS55267,Pyrinomonadaceae bacterium,329,51.1,49.8,97.0,8.45882e-107,326.635
WP_437587986,Sorangium sp. So ce1000,341,49.7,48.6,97.6,1.31527e-106,326.635
HVF68519,Pyrinomonadaceae bacterium,328,48.8,47.4,97.3,2.38081e-106,325.479
MFO0652907,Polyangiales bacterium,331,47.5,46.5,97.6,5.70214e-106,324.709
WP_095985195,Cystobacter fuscus,333,47.5,46.5,97.9,7.02033e-106,324.324
MBO1351364,Hormoscilla sp. GUM202,284,60.4,48.9,81.1,7.26709e-106,322.783
MCG8420777,Pseudomonadota bacterium,331,50.9,49.8,97.6,8.44128e-106,324.324
MDC0710650,Allostigmatella ashevillensis,333,49.4,48.3,97.9,9.11865e-106,324.324
WP_420943290,Archangium gephyra,333,48.5,47.4,97.9,1.2105e-105,323.939
MEZ4886015,Chitinophagales bacterium,324,49.4,47.7,96.1,1.28641e-105,323.553
WP_395855229,Cystobacter fuscus,333,48.2,47.1,97.9,1.39471e-105,323.553
WP_095979897,Melittangium boletus,328,48.5,47.4,97.9,1.40668e-105,323.553
WP_329729839,Archangium sp.,324,47.9,46.8,97.9,1.54826e-105,323.168
WP_047855962,Archangium gephyra,333,47.9,46.8,97.9,2.25263e-105,323.168
WP_224361220,Hyalangium versicolor,337,48.3,47.1,97.6,3.68345e-105,322.783
WP_002629105,Cystobacter fuscus,333,47.9,46.8,97.9,4.05704e-105,322.398
HEX8352421,Pyrinomonadaceae bacterium,340,50.3,49.5,97.3,4.78836e-105,322.783
WP_437732181,Sorangium sp. So ce1335,341,49.2,48.6,97.6,5.0029e-105,322.398
MET0624076,Pyrinomonadaceae bacterium,332,47.7,47.1,97.3,5.62325e-105,322.013
HME91521,Myxococcaceae bacterium,326,50.0,48.6,97.0,6.89784e-105,321.627
MHD4963197,Thermoanaerobaculia bacterium,340,48.0,47.1,97.6,7.4842e-105,322.013
WP_438039416,Sorangium sp. So ce128,341,50.3,49.2,97.6,7.99163e-105,322.013
WP_437294985,unclassified Sorangium,341,50.6,49.5,97.6,8.07915e-105,322.013
HEX8539640,Cystobacter sp.,333,47.9,46.8,97.9,8.98706e-105,321.627
MBN1206552,Myxococcaceae bacterium,335,51.7,50.2,97.0,1.03618e-104,321.627
MCA1578360,Acidobacteriota bacterium,333,48.6,47.4,97.0,1.06985e-104,321.627
WP_437913032,Sorangium sp. So ce302,341,50.3,49.2,97.6,1.08414e-104,321.627
HVF43374,Pyrinomonadaceae bacterium,330,49.2,48.6,97.3,1.17867e-104,321.242
OWY70194,cyanobacterium TDX16,330,50.0,48.3,96.4,1.19158e-104,321.242
WP_437852943,Sorangium sp. So ce363,341,50.3,49.2,97.6,1.31897e-104,321.627
WP_071901229,Cystobacter ferrugineus,333,47.2,46.2,97.9,1.6906e-104,320.857
WP_224245703,Hyalangium gracile,349,49.2,48.6,98.8,2.17915e-104,321.242
MCA1622070,Acidobacteriota bacterium,329,49.4,48.3,97.3,2.58165e-104,320.472
WP_073566409,Archangium sp. Cb G35,333,46.8,45.6,97.6,2.64254e-104,320.472
WP_376756556,Archangium violaceum,333,47.1,45.9,97.6,2.70074e-104,320.472
WP_437741515,Sorangium sp. So ce1504,341,50.3,49.2,97.6,2.98537e-104,320.472
MFN0006437,Planctomycetota bacterium,351,47.5,46.5,97.6,3.55725e-104,320.857
MDL5031536,Roseateles subflavus,349,49.7,48.6,97.6,3.83878e-104,320.472
WP_437276890,Sorangium sp. So ce375,341,50.3,49.2,97.6,4.41855e-104,320.087
WP_043394183,Archangium violaceum,333,46.8,45.6,97.6,5.08027e-104,319.701
WP_437525619,Sorangium sp. So ce726,341,50.0,48.9,97.6,5.14634e-104,320.087
MET0401500,Cystobacter sp.,333,47.1,45.6,97.0,6.24849e-104,319.316
WP_437904428,Sorangium sp. So ce327,341,50.0,48.9,97.6,9.0667e-104,319.316
WP_299456211,uncultured Microscilla sp.,338,48.5,47.7,97.6,9.56863e-104,319.316
WP_437315286,Sorangium sp. So ce385,341,48.8,47.7,97.6,1.1151e-103,319.316
WP_386961532,Archangium violaceum,333,46.5,45.3,97.6,1.12523e-103,318.931
WP_437966044,Sorangium sp. So ce260,344,49.2,48.6,97.6,1.15258e-103,319.316
WP_437794696,Sorangium sp. So ce693,341,50.0,48.9,97.6,1.1904e-103,318.931
MEZ5978081,Planctomycetota bacterium,326,48.5,47.4,97.3,1.26525e-103,318.546
WP_437481078,Sorangium sp. So ce1014,341,49.1,48.0,97.6,1.27078e-103,318.931
MFM7711627,Microcystis sp.,150,99.3,44.7,45.0,1.37462e-103,311.612
WP_437810186,Sorangium sp. So ce1078,344,49.2,48.6,97.6,1.56347e-103,318.931
WP_324962859,Archangium sp.,333,50.0,48.9,97.9,1.62961e-103,318.546
WP_272103909,Sorangium atrum,341,49.7,48.6,97.6,1.70517e-103,318.546
MCK6457209,Phycisphaerae bacterium,331,47.6,46.8,98.2,1.83592e-103,318.161
MCG8403721,Phycisphaerales bacterium,328,48.2,47.4,98.2,1.87438e-103,318.161
XXV74133,Sorangium sp. So ce1866,341,50.0,48.9,97.6,2.09715e-103,318.546
WP_204221226,Archangium violaceum,332,47.4,46.2,97.6,2.23431e-103,318.161
WP_002703881,Microscilla marina,338,49.1,48.3,97.6,2.63474e-103,318.161
XXV54889,Sorangium sp. So ce1654,341,50.0,48.9,97.6,2.814e-103,318.161
WP_437545042,Sorangium sp. So ce367,341,49.7,48.6,97.6,2.84481e-103,318.161
MIA2987974,Candidatus Multivoradales bacterium,332,46.8,46.8,99.1,2.96579e-103,317.775
WP_437333602,Sorangium sp. So ce394,341,48.5,47.4,97.6,3.31332e-103,317.775
MEM7310256,Planctomycetota bacterium,340,44.7,44.7,99.7,3.34915e-103,317.775
WP_437951591,Sorangium sp. So ce296,341,48.5,47.4,97.6,3.38628e-103,317.775
WP_437325024,Sorangium sp. So ce381,341,49.7,48.6,97.6,3.90125e-103,317.775
WP_437575622,Sorangium sp. So ce887,341,48.8,47.7,97.6,4.3977e-103,317.775
ADO75035,Allostigmatella aurantiaca DW4/3-1,312,49.4,45.9,93.1,4.59314e-103,316.62
WP_437974560,Sorangium sp. So ce295,341,49.7,48.6,97.6,4.59348e-103,317.775
WP_437981754,Sorangium sp. So ce117,341,49.7,48.6,97.6,4.90363e-103,317.39
HYO72782,Archangium sp.,333,46.8,45.6,97.6,5.70277e-103,317.005
KYF96173,Sorangium cellulosum,341,48.5,47.4,97.6,5.96544e-103,317.39
WP_437754022,Sorangium sp. So ce1389,339,48.9,48.3,97.6,7.1768e-103,317.005
WP_437304876,Sorangium sp. So ce388,339,48.9,48.3,97.6,9.62992e-103,316.62
MBI4511296,Deltaproteobacteria bacterium,329,47.7,46.5,97.0,1.39152e-102,315.849
HLO93161,Burkholderiaceae bacterium,349,48.5,47.4,97.6,1.45698e-102,316.62
HKG12932,Pyrinomonadaceae bacterium,335,47.8,48.0,97.6,3.15398e-102,315.079
MDJ0839305,Acidobacteriota bacterium,339,49.1,48.0,96.7,3.29616e-102,315.464
WP_395806303,Archangium minus,324,49.5,47.7,96.4,3.70277e-102,314.694
WP_437875636,Sorangium sp. So ce513,342,50.2,49.5,97.6,3.7163e-102,315.464
WP_437722553,Sorangium sp. So ce861,338,48.5,47.7,97.6,4.00945e-102,315.079
WP_438005493,Sorangium sp. So ce321,339,48.0,49.2,99.7,4.09813e-102,315.079
WP_395845784,Cystobacter fuscus,333,46.6,45.6,97.9,4.5162e-102,314.694
WP_436615573,Sorangium sp. So ce1024,342,50.2,49.5,97.6,5.44005e-102,315.079
KYF51059,Sorangium cellulosum,326,49.2,48.6,97.6,5.91892e-102,314.309
MFN0245032,Planctomycetota bacterium,332,46.9,47.1,100.0,8.67885e-102,313.923
WP_269630383,Pelomonas sp. BJYL3,350,49.1,48.3,97.6,9.26953e-102,314.694
WP_347612731,Roseateles flavus,350,48.8,47.7,97.6,1.3716e-101,314.309
WP_020740250,Sorangium cellulosum,343,48.8,48.0,97.6,1.40264e-101,313.923
MBL8943071,Myxococcales bacterium,333,47.0,46.8,97.6,1.41698e-101,313.538
WP_407757698,Archangium sp.,333,47.5,46.5,97.9,1.66841e-101,313.153
WP_437503287,Sorangium sp. So ce1099,339,48.3,47.7,97.6,1.7062e-101,313.538
WP_220800658,Mitsuaria sp. WAJ17,349,49.4,48.3,97.6,1.80079e-101,313.923
MGK3968657,Sorangium sp. So ce1667,339,48.6,48.0,97.6,1.80165e-101,313.538
MEO0536101,Cyanobacteria bacterium P01_A01_bin.123,331,49.5,49.2,97.3,1.92146e-101,313.153
WP_438015786,Sorangium sp. So ce315,341,49.2,48.6,97.6,2.12136e-101,313.538
WP_439440480,Roseateles sp. DB2,349,49.4,48.6,97.6,2.19051e-101,313.538
WP_437620721,Sorangium sp. So ce1151,339,48.6,48.0,97.6,2.39115e-101,313.153
XXY53709,Sorangium sp. So ce269,339,48.6,48.0,97.6,2.44379e-101,313.153
WP_437830041,Sorangium sp. So ce1153,339,48.3,47.7,97.6,2.81533e-101,313.153
WP_436620701,Sorangium sp. So ce136,339,48.6,48.0,97.6,2.9088e-101,312.768
XXF80841,Myxococcaceae bacterium GXIMD 01537,335,48.3,47.1,97.6,4.69522e-101,312.383
WP_437925752,Sorangium sp. So ce291,339,48.3,47.7,97.6,4.95896e-101,312.383
WP_331116472,Archangium sp.,328,47.1,45.9,97.6,6.29327e-101,311.612
WP_437997212,Sorangium sp. So ce185,344,47.7,47.1,97.6,9.73659e-101,311.612
HTN83553,Sorangium sp.,339,48.3,47.7,97.6,1.00624e-100,311.612
WP_437658351,Sorangium sp. So ce1182,339,48.3,47.7,97.6,1.03965e-100,311.612
XXV64529,Sorangium sp. So ce1828,341,48.9,48.3,97.6,1.53833e-100,311.227
WP_257454694,Archangium lipolyticum,332,48.8,47.7,97.9,1.5718e-100,310.842
WP_437936075,Sorangium sp. So ce341,341,48.8,47.7,97.6,1.60679e-100,311.227
WP_129353020,Sorangium cellulosum,340,49.4,48.3,97.6,1.87139e-100,310.842
XXY15665,Sorangium sp. So ce216,339,48.0,47.4,97.6,1.97614e-100,310.842
XXT17615,Sorangium sp. So ce429,339,48.0,47.4,97.6,2.70966e-100,310.457
WP_437777417,Sorangium sp. So ce1097,341,48.9,48.3,97.6,4.09729e-100,310.071
WP_437286322,Sorangium sp. So ce406,344,48.0,47.4,97.6,4.82219e-100,310.071
NEO62624,Moorena sp. SIO4G2,200,69.0,41.4,60.1,9.04303e-100,303.908
WP_437568717,Sorangium sp. So ce542,343,48.2,47.4,97.6,1.13946e-99,308.916
XYH95980,Sorangium sp. So ce1128,339,48.9,48.3,97.6,1.44843e-99,308.531
WP_437632055,Sorangium sp. So ce854,341,48.6,48.0,97.6,1.47999e-99,308.531
HEY0169460,Pyrinomonadaceae bacterium,335,46.3,47.1,97.3,1.65086e-99,308.145
XXX74935,Sorangium sp. So ce134,344,48.6,48.0,97.6,2.90448e-99,308.145
PCH69506,Bacteroidota bacterium,329,47.8,46.5,97.0,3.06979e-99,307.375
MCA9655145,Myxococcales bacterium,341,47.4,47.1,97.0,3.57353e-99,307.76
KYF64831,Sorangium cellulosum,344,48.6,48.0,97.6,3.73046e-99,307.76
MCA9757645,Candidatus Eiseniibacteriota bacterium,337,48.0,46.8,97.0,4.25526e-99,307.375
WP_436600916,Sorangium sp. So ce1036,341,48.8,47.7,97.6,4.74219e-99,307.375
MDY7096041,Acidobacteriota bacterium,335,47.5,46.5,97.9,4.74517e-99,306.99
WP_433929501,Sorangium cellulosum,344,48.3,47.7,97.6,4.84374e-99,307.375
HWP55783,Pyrinomonadaceae bacterium,326,50.6,49.2,97.0,6.02737e-99,306.605
WP_061613011,Sorangium,344,48.3,47.7,97.6,9.00618e-99,306.605
WP_434043077,Sorangium,344,48.3,47.7,97.6,9.50973e-99,306.605
WP_438024310,Sorangium sp. So ce233,344,48.0,47.4,97.6,1.40696e-98,306.22
MGB0522827,Flammeovirgaceae bacterium,336,47.2,45.9,97.0,1.43996e-98,305.834
WP_129579279,Sorangium,343,48.5,47.7,97.6,1.67493e-98,306.22
WP_437956345,Sorangium sp. So ce119,344,48.0,47.4,97.6,3.5475e-98,305.064
MEO0842828,Cyanobacteria bacterium J06643_5,242,63.4,43.2,68.2,9.59177e-98,300.442
KYG10180,Sorangium cellulosum,343,48.8,48.0,97.6,1.25353e-97,303.908
MGB0525668,Flammeovirgaceae bacterium,337,46.1,46.2,99.4,1.283e-97,303.523
MEO1409104,Bacteroidota bacterium,330,48.5,47.1,97.0,1.31234e-97,303.138
HEX3483096,Kofleriaceae bacterium,326,47.2,46.2,97.0,3.94007e-97,301.982
MBN1990255,Bacteroidales bacterium,334,49.5,48.3,97.0,4.20291e-97,301.982
MEM1321508,Bacteroidota bacterium,336,48.2,47.1,97.0,6.35253e-97,301.597
MIC2939973,Phycisphaerae bacterium,341,49.7,46.5,92.8,1.1415e-96,301.212
MCW3104375,Bacteroidota bacterium,328,46.6,45.3,97.0,1.31856e-96,300.827
WP_224192506,Nannocystis pusilla,340,46.4,46.2,97.6,1.46648e-96,300.827
MCL6590388,Bacillota bacterium,327,47.5,46.2,96.7,8.75872e-96,298.516
WP_419192217,Engelhardtia mirabilis,347,42.9,43.2,100.0,1.27322e-95,298.901
MDP1825010,Archangium sp.,328,46.2,45.0,97.3,2.62802e-95,297.36
MDP3504445,Myxococcales bacterium,330,46.0,45.0,97.6,2.96091e-95,297.36
MFM5961728,Dolichospermum sp.,149,93.3,41.7,44.7,3.12689e-95,290.426
HEY1404625,Pyrinomonadaceae bacterium,285,54.2,42.9,79.3,4.95e-95,295.049
MBL8933586,Archangium sp.,330,47.9,46.8,97.6,7.46461e-95,296.204
MGE0079550,Bacteroidales bacterium,331,47.5,46.2,96.7,7.87975e-95,296.204
MBM4778952,Archangiaceae bacterium,330,47.5,46.5,97.6,1.04582e-94,295.819
WP_331112641,Archangium sp.,282,50.9,43.5,85.6,1.23371e-94,293.893
MDP3155989,Archangium sp.,330,45.6,45.3,99.1,2.23946e-94,295.049
MDX2009728,Myxococcaceae bacterium,330,46.0,45.0,97.6,2.63634e-94,295.049
MDP1921155,Myxococcales bacterium,330,46.2,45.3,97.6,2.97141e-94,294.664
MEM9454566,Myxococcota bacterium,705,47.1,46.8,97.0,4.09049e-94,306.22
MDP2269437,Archangium sp.,330,45.3,45.0,99.1,5.70668e-94,293.893
WP_203407228,Archangium violaceum,340,47.2,46.2,97.9,1.21641e-93,293.508
HVE64969,Thermoanaerobaculia bacterium,303,49.5,45.0,90.4,1.27907e-93,292.352
MER2562450,Myxococcaceae bacterium,330,47.2,46.2,97.6,1.50232e-93,293.123
MDP3234732,Myxococcales bacterium,330,45.4,44.4,97.6,1.53536e-93,293.123
MEO1515207,Bacteroidota bacterium,330,46.9,45.3,96.4,3.62515e-93,291.967
MEZ4381207,Nannocystaceae bacterium,334,47.0,46.8,97.6,6.72589e-93,291.582
HZJ67316,Kofleriaceae bacterium,335,46.9,45.3,96.4,2.10523e-92,290.041
MBI1849405,Planctomycetota bacterium,328,48.2,47.1,97.6,2.95889e-92,289.656
HEY0993268,Kofleriaceae bacterium,323,46.9,45.3,96.4,3.06256e-92,289.271
WP_269036526,Nannocystis punicea,338,44.1,43.5,98.2,1.63949e-91,288.115
MEM9919771,Bacteroidota bacterium,333,46.3,45.0,97.0,1.77465e-91,287.73
MBK8263488,Nannocystis sp.,332,46.8,46.5,97.6,1.81468e-91,287.73
MBE2248315,Myxococcus sp.,330,45.9,45.0,97.6,1.93907e-91,287.73
NDD31535,Pseudomonadota bacterium,328,44.7,43.2,96.4,2.63164e-91,287.345
MEO1629112,Bacteroidota bacterium,330,46.6,45.0,96.4,2.89918e-91,286.96
MFO0596383,Myxococcaceae bacterium,329,45.6,44.7,97.6,3.30488e-91,286.96
MBT9588292,bacterium,325,47.7,46.5,97.0,3.34735e-91,286.96
MCU0659807,Polyangiaceae bacterium,338,42.7,42.3,98.5,6.24068e-91,286.574
MBL8954585,Myxococcaceae bacterium,311,46.5,45.3,97.0,7.19696e-91,285.419
MFM7381587,Microcystaceae cyanobacterium,135,96.3,39.0,40.5,1.41082e-90,278.1
WP_106313093,Chamaesiphon polymorphus,257,54.5,42.0,76.9,1.54936e-90,282.722
MHS4874149,Candidatus Polarisedimenticolales bacterium,327,46.0,45.0,97.0,1.94594e-90,285.034
MGE0494921,Vulcanimicrobiota bacterium,328,45.3,44.4,97.9,2.84519e-90,284.648
MDP2312546,Pseudomonadota bacterium,308,47.5,42.6,89.5,9.90243e-90,282.337
MBL8969176,Myxococcales bacterium,330,43.9,43.2,97.9,1.23246e-89,283.108
HEX2482665,Candidatus Methylomirabilota bacterium,345,46.2,45.9,98.5,2.43946e-89,282.722
MCA9797369,Vulcanimicrobiota bacterium,328,44.0,43.2,97.9,2.88044e-89,281.952
MFN0165974,Bryobacteraceae bacterium,332,44.5,43.8,97.6,3.30827e-89,281.952
MDJ0839306,Acidobacteriota bacterium,334,43.1,42.0,97.3,3.56425e-89,281.952
MHT7394829,Kofleriaceae bacterium,340,43.1,43.2,97.9,6.95375e-89,281.567
MEM8952119,Pseudomonadota bacterium,350,44.3,43.2,97.6,7.75425e-89,281.567
MFA5505716,Vulcanimicrobiota bacterium,325,44.6,43.8,97.9,8.93542e-89,280.796
MHT7186537,Kofleriaceae bacterium,340,42.8,42.9,97.9,9.42525e-89,281.182
MEM7203680,Planctomycetota bacterium,326,44.4,43.2,97.0,1.27812e-88,280.411
HMY22037,Polyangium sp. (in: bacteria),335,43.9,43.5,98.2,2.33234e-88,280.026
MCA9778525,Vulcanimicrobiota bacterium,328,43.5,42.9,97.9,2.76059e-88,279.641
MEW5854657,Myxococcota bacterium,330,44.0,43.2,97.6,2.87886e-88,279.641
